Channel_1,Channel_2,Channel_3,Channel_4,Channel_5,Channel_6,Channel_7,Channel_8,Output
25,30,87,23,18,18,27,24,0
25,32,77,24,18,16,26,23,0
27,33,70,25,18,18,25,25,0
27,40,85,24,16,16,23,24,0
27,35,122,26,17,17,23,26,0
28,35,118,24,17,17,22,26,0
28,35,121,26,25,22,28,31,0
32,41,130,28,25,24,31,30,0
34,38,120,28,25,26,30,28,0
36,39,105,28,26,27,31,26,0
36,41,123,30,26,27,31,28,0
33,40,122,29,20,23,26,22,0
29,33,119,27,20,21,23,24,0
24,30,131,26,21,19,26,25,0
25,30,117,23,19,17,26,26,0
25,25,100,21,20,19,26,24,0
29,27,115,20,20,19,25,24,0
30,28,146,21,20,19,24,23,0
30,35,136,22,19,20,20,21,0
29,35,134,23,19,21,20,21,0
29,36,141,24,19,20,19,21,0
31,39,131,22,18,22,20,27,0
34,40,85,22,17,22,23,29,0
35,36,85,24,17,20,23,30,0
35,35,94,25,18,21,23,31,0
37,38,74,23,17,21,23,32,0
35,34,76,25,19,20,22,29,0
32,31,94,24,19,20,19,28,0
29,29,101,20,20,20,20,26,0
32,42,92,20,19,18,19,27,0
30,38,92,22,19,18,19,27,0
33,41,103,21,16,19,20,28,0
34,41,88,20,16,18,21,27,0
35,43,95,23,16,19,20,26,0
39,31,98,24,17,19,20,25,0
40,36,101,24,18,20,22,25,0
36,37,88,23,19,19,21,25,0
37,43,93,25,19,19,18,27,0
37,43,85,26,18,19,20,28,0
34,42,95,26,17,19,21,27,0
35,43,103,27,19,20,20,27,0
34,41,101,28,19,17,22,27,0
30,34,97,28,18,18,22,25,0
32,34,108,25,19,18,23,25,0
29,35,99,26,21,19,24,26,0
28,30,92,26,18,18,24,25,0
28,30,98,25,20,20,22,23,0
32,36,99,24,21,21,23,25,0
30,34,76,22,20,20,23,25,0
27,35,76,20,21,22,22,25,0
29,36,85,21,22,23,22,26,0
29,38,75,22,21,23,21,25,0
28,33,71,22,20,21,20,24,0
27,33,76,22,21,23,23,23,0
32,35,85,23,19,21,22,26,0
31,35,72,22,19,19,22,26,0
37,35,75,22,21,19,23,29,0
35,36,76,22,24,21,25,29,0
41,42,92,24,23,20,22,34,0
39,39,86,26,24,18,22,31,0
39,39,90,26,23,20,21,30,0
33,37,94,24,23,19,21,28,0
36,37,92,23,21,18,20,31,0
30,30,76,22,20,18,20,25,0
28,29,69,19,21,18,21,25,0
30,29,80,21,22,16,21,25,0
33,30,78,21,20,16,22,28,0
30,30,84,21,19,16,22,25,0
29,35,89,22,20,19,21,25,0
29,36,105,22,19,20,25,26,0
28,35,98,19,18,21,25,26,0
26,35,96,22,18,21,24,24,0
30,36,91,22,21,23,23,23,0
31,29,93,20,21,21,24,26,0
35,31,83,21,20,21,21,29,0
34,35,84,20,21,19,20,28,0
34,34,88,18,22,20,21,27,0
29,34,99,18,20,20,20,27,0
30,34,93,18,21,20,20,26,0
25,38,86,18,22,20,20,22,0
28,35,90,21,21,21,24,23,0
28,34,96,21,21,20,24,23,0
33,42,85,23,20,21,24,23,0
32,45,89,24,19,21,24,24,0
34,40,93,27,19,21,25,25,0
32,38,83,25,19,19,20,24,0
31,43,66,25,18,18,19,23,0
28,35,78,23,18,17,21,26,0
29,34,75,23,20,19,21,22,0
28,33,69,22,21,18,19,23,0
27,34,87,22,19,19,18,22,0
26,35,103,24,21,20,21,22,0
24,34,93,24,22,19,20,18,0
30,35,94,24,21,18,20,23,0
28,35,95,21,20,19,19,22,0
31,36,91,23,24,19,22,25,0
31,31,79,20,21,19,20,26,0
33,33,80,19,20,20,22,27,0
28,30,78,19,19,19,22,28,0
30,35,91,21,21,19,25,27,0
28,35,88,20,18,19,23,26,0
28,35,89,20,19,20,23,24,0
26,34,90,19,20,19,22,23,0
30,37,90,18,21,19,22,20,0
30,33,74,18,19,20,21,21,0
31,32,70,17,19,19,20,19,0
34,39,73,18,19,19,21,21,0
34,40,73,21,20,19,21,23,0
34,38,89,22,21,20,19,21,0
36,41,90,22,20,21,18,22,0
36,42,89,21,21,20,21,26,0
35,37,82,22,21,20,21,25,0
42,36,78,22,20,23,23,25,0
38,37,78,23,20,23,23,27,0
38,33,82,23,20,23,24,28,0
38,32,91,22,18,23,25,26,0
38,35,101,23,21,23,24,26,0
37,36,107,22,19,20,21,29,0
37,36,93,22,21,19,24,28,0
35,36,87,23,21,20,24,28,0
34,37,85,24,23,21,22,27,0
33,32,80,23,20,19,22,28,0
31,29,81,24,22,21,22,24,0
30,28,81,23,19,20,20,24,0
32,32,89,23,20,19,19,23,0
32,31,81,23,19,20,18,22,0
32,32,76,24,21,20,19,23,0
30,32,71,24,18,19,19,23,0
28,37,75,23,21,20,21,25,0
27,33,65,23,21,18,21,26,0
26,31,73,22,21,17,22,26,0
26,32,70,21,20,17,22,28,0
24,36,76,20,20,18,23,26,0
22,29,76,21,19,18,22,24,0
26,33,82,21,20,17,24,24,0
29,41,81,22,18,18,24,25,0
32,44,93,25,20,19,24,24,0
30,40,92,26,22,19,23,23,0
36,42,91,24,21,21,25,25,0
33,44,95,28,20,22,21,24,0
32,37,96,28,22,22,21,25,0
30,32,109,27,20,22,20,24,0
31,37,104,26,18,24,22,24,0
27,36,106,26,17,22,19,22,0
28,32,98,23,18,22,19,24,0
29,35,92,22,17,22,24,22,0
31,38,71,21,17,21,24,26,0
34,35,76,24,19,19,22,27,0
34,33,78,23,21,19,22,27,0
39,38,81,23,22,19,22,28,0
37,35,85,21,22,19,18,27,0
34,33,77,21,23,19,18,25,0
32,33,70,16,22,21,19,22,0
34,40,58,19,21,21,18,26,0
31,38,53,19,20,21,21,24,0
36,39,52,20,21,22,23,27,0
38,45,58,19,21,22,24,27,0
37,46,62,21,22,20,24,29,0
36,39,63,18,22,21,26,28,0
35,39,64,21,23,20,25,29,0
32,39,58,22,22,18,22,28,0
29,32,53,24,23,18,23,27,0
29,31,47,23,20,18,23,28,0
29,36,51,25,20,19,23,25,0
30,33,54,23,22,19,21,24,0
31,34,54,23,20,19,21,23,0
30,33,50,24,20,19,20,25,0
32,41,47,23,20,19,23,26,0
32,36,50,24,21,17,22,25,0
32,36,45,24,18,18,22,27,0
33,40,51,24,20,18,21,29,0
35,43,50,23,19,18,21,26,0
35,36,51,26,19,18,18,24,0
45,42,48,24,18,20,20,28,0
44,42,49,23,17,18,20,26,0
44,37,45,24,15,19,21,24,0
44,39,44,24,17,17,23,25,0
44,40,44,22,18,17,23,26,0
36,36,37,21,20,17,21,23,0
34,37,38,22,21,18,22,24,0
34,39,43,21,22,18,21,26,0
31,34,43,20,22,19,20,26,0
36,37,43,19,20,20,21,28,0
34,40,42,20,18,18,20,27,0
33,40,36,19,17,18,20,27,0
35,39,21,18,18,18,20,26,0
37,39,52,19,18,18,18,24,0
36,41,56,20,19,19,18,21,0
35,37,58,20,20,19,18,20,0
38,35,60,19,21,19,18,20,0
34,35,61,23,21,20,17,18,0
33,37,39,24,22,19,19,20,0
29,32,35,22,21,21,19,20,0
27,38,32,22,20,20,19,21,0
24,40,29,24,20,21,19,20,0
23,41,26,24,19,20,21,21,0
26,39,24,23,19,21,20,22,0
29,45,28,24,21,19,20,23,0
29,39,27,25,23,21,20,22,0
29,39,30,23,22,21,18,23,0
31,37,32,20,23,19,17,23,0
27,42,33,21,21,19,20,23,0
25,35,31,20,21,18,20,22,0
31,37,30,18,21,19,22,25,0
35,45,27,19,21,18,22,25,0
36,43,29,20,21,21,22,27,0
38,42,28,20,21,20,22,26,0
40,40,28,21,20,21,24,28,0
41,47,29,20,20,20,23,29,0
42,38,28,21,19,20,23,28,0
39,39,27,20,17,20,25,28,0
38,37,29,20,17,21,23,28,0
38,39,29,20,18,21,22,29,0
32,27,30,22,16,21,21,25,0
27,30,32,21,16,21,24,27,0
31,32,32,22,16,19,21,27,0
32,33,33,22,16,18,23,28,0
30,36,32,21,15,17,24,24,0
32,37,30,20,17,15,26,25,0
33,41,29,23,18,18,26,22,0
30,40,26,21,18,20,27,23,0
29,39,23,22,19,19,26,23,0
29,40,25,22,19,18,23,24,0
29,40,26,22,18,20,21,24,0
31,35,24,20,18,19,19,26,0
32,37,25,19,18,19,16,27,0
31,38,26,17,18,22,17,27,0
33,35,24,18,17,23,21,29,0
35,36,25,18,18,23,21,28,0
38,44,27,18,17,20,21,28,0
38,46,26,19,18,21,21,26,0
37,44,27,20,18,18,20,26,0
38,47,27,19,18,17,17,25,0
43,47,26,19,18,18,16,28,0
40,39,23,18,18,19,19,27,0
37,40,31,19,19,17,19,27,0
38,40,29,19,18,19,20,28,0
39,39,29,19,19,19,19,28,0
34,42,31,20,20,20,20,26,0
31,45,30,21,20,19,19,24,0
34,39,26,19,20,22,20,25,0
32,38,26,20,21,21,20,24,0
32,39,28,21,20,22,22,25,0
27,38,26,24,19,21,22,24,0
32,36,27,23,19,20,23,25,0
29,38,24,23,18,19,20,23,0
33,42,23,23,18,18,21,24,0
34,40,22,21,18,19,20,24,0
35,37,25,18,21,20,20,24,0
33,36,25,20,20,20,20,24,0
38,37,26,20,21,21,21,24,0
38,33,29,21,21,20,21,25,0
38,33,28,21,21,20,21,24,0
38,37,26,23,20,20,21,24,0
40,39,31,22,21,19,20,26,0
45,37,31,23,22,18,23,29,0
43,38,30,22,21,18,23,26,0
41,37,29,23,21,19,24,26,0
41,34,29,21,20,19,24,26,0
43,33,26,21,19,19,22,24,0
34,42,24,20,19,20,21,22,0
35,42,27,20,20,20,20,25,0
36,44,30,19,19,20,16,24,0
38,45,30,20,19,19,18,26,0
37,43,27,19,19,18,18,24,0
36,35,27,20,19,19,20,24,0
35,34,23,19,19,17,20,23,0
32,30,19,18,18,18,22,21,0
31,28,19,19,19,18,21,22,0
34,30,20,19,21,19,23,26,0
34,29,31,18,20,19,20,27,0
33,36,41,20,19,19,21,27,0
32,36,47,25,21,21,20,28,0
31,38,53,24,20,20,20,25,0
24,37,54,25,19,22,20,23,0
23,35,50,26,19,21,20,24,0
25,33,43,25,22,22,22,23,0
25,33,37,22,21,20,22,22,0
26,31,37,21,21,20,22,23,0
34,30,47,21,22,19,22,23,0
34,34,52,20,20,19,23,21,0
35,27,55,19,18,17,22,23,0
37,26,57,18,20,17,21,24,0
36,27,57,19,19,17,19,23,0
33,33,49,18,19,18,20,23,0
34,30,46,18,20,18,20,26,0
32,30,41,20,21,20,19,24,0
30,33,45,22,19,19,20,25,0
33,37,44,24,19,20,24,25,0
27,33,55,25,19,20,25,26,0
30,34,55,24,18,20,25,22,0
32,36,56,23,17,19,25,24,0
31,35,54,21,18,20,24,24,0
29,30,63,20,19,20,20,23,0
38,33,58,19,20,18,21,26,0
34,34,57,18,21,18,21,27,0
33,34,57,19,22,19,24,26,0
34,34,56,20,20,18,25,27,0
45,45,43,21,21,19,25,32,0
39,42,41,22,23,19,22,28,0
44,44,47,25,22,18,23,30,0
43,43,45,24,21,15,19,29,0
45,41,56,25,23,17,18,31,0
38,37,60,25,22,17,19,27,0
41,38,58,25,18,17,22,29,0
41,35,53,22,20,19,22,26,0
40,35,56,25,21,20,22,28,0
39,36,49,26,19,18,25,28,0
35,36,52,23,18,20,24,28,0
32,35,52,24,20,19,23,29,0
27,36,54,25,19,19,23,30,0
31,36,53,21,18,19,27,31,0
31,33,48,20,20,19,26,28,0
30,27,40,21,21,19,25,29,0
30,25,38,21,19,20,26,25,0
36,31,38,19,19,20,27,27,0
36,32,51,18,20,20,23,25,0
34,33,57,18,19,20,21,25,0
37,35,64,19,18,19,23,26,0
36,36,66,19,21,20,23,26,0
33,30,65,19,20,20,23,24,0
31,31,56,20,19,22,23,23,0
32,30,48,19,18,23,25,24,0
27,28,36,21,19,22,24,21,0
29,32,33,20,18,21,24,24,0
29,33,58,21,18,22,22,26,0
29,32,63,22,18,21,21,28,0
30,33,63,22,21,21,19,28,0
33,38,63,26,20,21,19,31,0
31,36,64,27,20,22,19,30,0
35,38,49,27,20,19,20,30,0
34,38,40,26,21,17,20,29,0
34,38,60,27,20,18,19,29,0
32,36,62,22,20,19,19,25,0
35,33,71,21,19,17,19,24,0
28,34,69,22,19,19,18,23,0
26,33,82,22,20,19,17,23,0
29,39,78,24,20,20,17,22,0
29,34,77,23,21,18,17,24,0
29,37,69,23,21,19,17,25,0
32,34,67,21,21,19,19,23,0
33,38,55,22,20,19,19,23,0
31,32,45,22,21,18,22,24,0
31,31,57,22,20,21,22,24,0
27,29,64,22,21,21,22,22,0
28,37,67,23,22,22,22,25,0
27,33,76,24,22,22,24,26,0
25,34,74,27,23,22,23,25,0
24,36,68,26,23,22,22,24,0
28,41,67,26,22,20,22,26,0
26,34,69,26,22,19,23,23,0
31,33,58,25,22,20,23,25,0
36,35,61,21,19,19,22,27,0
38,41,60,22,19,18,22,27,0
38,37,54,22,20,18,19,27,0
40,38,50,23,19,20,18,30,0
37,39,50,23,18,20,16,27,0
33,40,48,23,18,20,20,25,0
31,33,47,23,18,19,21,25,0
34,39,47,24,21,20,24,29,0
34,38,43,21,21,18,24,26,0
36,41,41,20,20,17,26,26,0
36,41,36,20,21,18,23,27,0
37,41,32,21,21,19,23,31,0
33,37,28,21,18,18,21,29,0
32,40,28,21,19,18,22,31,0
33,36,23,22,18,18,21,30,0
31,33,26,20,20,19,20,29,0
31,34,29,19,20,18,19,26,0
31,34,29,17,20,18,19,22,0
29,34,32,19,19,18,18,19,0
26,36,34,18,21,18,19,20,0
26,37,35,19,19,17,20,20,0
31,39,32,19,22,18,25,23,0
30,36,37,19,21,18,24,25,0
29,35,41,20,21,17,25,26,0
29,36,40,19,22,19,23,24,0
30,35,38,20,22,20,23,26,0
30,35,39,19,21,20,18,25,0
32,41,35,20,22,20,21,24,0
32,38,28,18,22,20,20,23,0
35,37,37,19,20,19,21,24,0
35,37,43,19,21,19,21,23,0
32,34,44,20,19,18,23,21,0
30,31,43,18,19,18,21,22,0
31,30,41,19,19,19,23,23,0
27,29,37,20,20,20,22,23,0
29,30,35,19,20,19,23,24,0
27,32,33,19,21,19,22,25,0
28,31,56,21,19,19,23,25,0
27,31,57,21,19,18,22,24,0
27,31,59,20,18,19,22,23,0
27,29,57,20,16,20,20,23,0
28,28,60,21,16,20,20,23,0
28,31,66,20,18,21,18,23,0
30,31,70,20,18,20,20,22,0
32,30,70,19,19,20,21,24,0
30,35,69,18,20,18,24,24,0
29,35,69,17,20,19,25,24,0
34,37,51,21,19,20,25,24,0
32,40,56,22,18,19,22,26,0
34,42,55,21,18,19,21,26,0
35,39,56,23,18,20,19,25,0
34,39,62,24,19,20,18,27,0
30,35,58,22,19,20,18,26,0
30,32,52,23,20,20,19,24,0
35,33,63,24,20,19,22,27,0
34,35,63,23,21,20,21,28,0
36,43,55,23,20,20,21,27,0
35,41,54,22,21,20,20,28,0
37,42,54,21,21,20,23,29,0
36,39,40,22,22,20,20,26,0
34,38,43,21,22,19,22,29,0
34,27,43,20,21,19,22,31,0
38,31,57,21,21,19,23,30,0
39,32,69,21,21,19,24,31,0
34,32,69,21,20,17,23,31,0
35,31,67,21,20,18,23,25,0
33,34,72,22,21,17,22,26,0
35,31,76,22,19,16,23,28,0
34,32,61,22,20,17,21,27,0
35,32,62,23,20,20,21,27,0
35,32,62,24,18,20,21,28,0
36,32,57,23,22,20,21,25,0
30,30,39,21,23,22,21,21,0
32,29,35,21,23,20,21,25,0
32,30,39,19,21,19,21,23,0
32,36,40,20,23,18,23,25,0
30,33,40,21,18,18,23,26,0
30,34,39,22,20,18,22,28,0
25,33,41,22,20,18,21,24,0
24,34,37,21,20,19,25,25,0
25,39,39,19,19,18,23,23,0
28,39,42,17,20,18,23,22,0
27,39,46,18,18,19,22,22,0
29,41,45,18,18,18,22,23,0
35,48,51,20,19,16,19,24,0
38,41,51,22,21,18,21,31,0
36,42,46,23,20,19,21,30,0
39,42,48,23,19,18,22,31,0
41,45,54,25,19,18,21,31,0
40,43,61,25,18,21,20,31,0
37,40,62,25,17,20,19,27,0
39,43,64,24,16,21,19,29,0
37,42,61,25,18,20,18,28,0
34,41,57,23,17,20,19,27,0
32,33,50,23,18,19,20,27,0
39,34,56,22,18,20,21,30,0
39,31,58,22,19,19,21,29,0
40,32,58,21,19,20,23,28,0
41,34,62,20,20,20,25,28,0
40,34,57,19,19,19,23,27,0
32,33,47,18,18,19,21,22,0
29,33,46,21,18,18,20,22,0
29,34,45,20,19,20,20,22,0
27,27,47,22,20,21,19,22,0
26,35,46,22,20,22,21,21,0
28,36,55,23,21,23,22,24,0
28,36,53,21,21,23,23,25,0
29,38,61,21,22,20,24,28,0
33,40,61,22,20,23,22,28,0
41,38,61,22,20,23,23,30,0
40,39,53,23,20,21,22,29,0
42,40,72,22,19,22,22,30,0
40,38,67,23,17,24,24,29,0
38,37,61,22,17,21,25,30,0
30,32,60,23,18,20,24,27,0
29,32,64,23,19,19,25,25,0
27,33,46,23,19,19,24,22,0
28,29,43,24,20,17,23,23,0
27,29,58,25,20,16,22,22,0
31,28,67,27,21,15,21,24,0
34,31,64,24,20,18,22,25,0
37,30,64,24,20,18,24,28,0
39,30,65,22,18,18,23,27,0
41,31,52,20,19,18,24,29,0
37,31,50,18,18,19,24,29,0
34,29,50,21,17,18,24,29,0
30,27,49,20,18,18,22,26,0
35,33,47,21,18,18,22,28,0
32,34,53,22,19,18,19,26,0
33,37,48,22,18,19,19,25,0
33,37,48,21,18,18,19,27,0
35,37,49,19,17,19,20,27,0
40,36,70,18,18,19,19,29,0
42,37,70,18,17,20,22,30,0
43,39,67,18,18,19,21,30,0
42,37,66,19,20,18,20,27,0
44,37,67,21,21,19,19,30,0
35,34,50,22,21,20,19,26,0
31,32,51,22,22,20,17,25,0
30,29,51,21,23,18,18,27,0
31,28,51,19,21,21,18,28,0
31,31,51,20,21,20,18,25,0
28,30,65,19,21,18,18,22,0
32,29,69,19,21,18,19,24,0
31,26,72,21,20,19,19,23,0
34,27,74,22,21,18,21,27,0
242,480,228,496,490,122,171,130,1
242,495,217,500,512,124,174,132,1
206,438,217,481,570,121,172,117,1
182,445,193,530,639,127,162,101,1
180,407,173,544,649,122,171,107,1
172,377,162,533,641,143,164,97,1
186,382,196,584,639,170,156,107,1
200,401,189,582,600,181,193,115,1
196,402,200,534,508,171,195,115,1
207,415,205,543,560,182,179,110,1
235,465,220,503,558,186,190,118,1
225,531,207,447,556,162,192,107,1
217,545,230,459,675,179,160,114,1
207,523,221,539,783,209,163,108,1
208,605,216,579,780,208,180,115,1
180,597,210,516,760,195,155,104,1
185,546,195,530,795,198,160,102,1
205,555,174,557,714,176,147,100,1
209,584,188,501,618,145,156,106,1
197,509,222,427,572,134,148,104,1
209,526,217,458,705,160,164,112,1
232,600,244,426,657,163,154,111,1
242,613,233,408,735,165,156,106,1
251,601,225,422,761,163,145,113,1
262,625,235,473,792,184,150,111,1
271,608,233,565,714,159,139,115,1
257,554,208,575,705,158,143,125,1
231,536,236,687,679,171,165,123,1
217,532,227,679,656,168,165,113,1
207,542,206,731,689,147,158,120,1
195,511,199,692,710,149,165,116,1
226,567,199,791,790,169,161,120,1
243,531,181,799,830,165,138,127,1
260,519,191,873,878,170,140,136,1
290,517,209,896,917,178,129,133,1
298,555,227,898,896,178,116,126,1
284,471,264,862,973,169,122,124,1
265,466,269,758,918,154,129,110,1
279,490,269,707,909,156,150,108,1
238,399,238,630,844,157,171,99,1
230,397,240,628,845,176,188,112,1
216,438,195,583,712,165,184,103,1
220,421,204,695,788,174,183,113,1
203,411,197,661,797,176,159,119,1
204,465,195,606,767,173,142,115,1
193,455,198,636,748,155,130,107,1
182,398,205,618,696,159,130,109,1
209,535,185,515,709,168,131,106,1
203,542,211,510,665,153,133,99,1
215,519,224,572,644,149,157,100,1
231,537,222,526,655,158,152,103,1
245,545,228,554,701,154,172,105,1
210,456,221,563,647,150,186,102,1
205,446,249,677,748,175,195,103,1
212,474,275,746,908,194,174,105,1
190,440,262,779,943,191,185,102,1
178,434,258,809,935,188,165,97,1
199,411,257,802,917,186,160,101,1
216,456,234,737,903,173,145,105,1
196,402,202,640,771,156,145,100,1
252,450,219,647,795,156,132,113,1
253,465,216,635,845,159,149,113,1
297,556,225,656,876,155,135,119,1
291,551,209,631,781,141,131,115,1
304,582,191,623,824,133,136,116,1
261,542,225,588,744,134,137,108,1
263,517,258,614,772,132,122,109,1
199,480,259,596,692,136,122,96,1
218,516,273,585,709,141,128,96,1
192,482,286,610,725,139,114,97,1
198,516,253,578,735,118,118,98,1
198,537,214,516,681,124,124,103,1
204,482,204,503,835,155,125,101,1
198,445,184,562,856,159,130,115,1
236,569,181,526,816,164,137,118,1
292,581,196,571,825,171,170,148,1
289,605,199,548,774,180,173,144,1
294,650,196,547,651,144,174,144,1
277,630,182,459,594,138,165,128,1
263,559,168,439,531,129,164,128,1
203,504,165,446,549,169,135,97,1
218,483,171,433,574,152,124,99,1
203,426,176,405,522,152,128,99,1
198,468,192,441,611,152,145,96,1
208,522,203,442,616,153,150,95,1
204,573,179,341,652,100,134,86,1
206,621,185,439,653,104,138,87,1
213,629,187,443,670,101,127,84,1
219,585,164,451,676,99,108,86,1
195,520,148,463,675,100,101,80,1
208,585,148,474,557,129,103,83,1
193,525,168,392,563,126,97,81,1
181,495,158,380,568,134,107,81,1
173,517,160,336,461,133,116,85,1
181,500,164,342,464,137,115,90,1
153,361,160,337,498,108,109,83,1
148,375,113,318,472,108,118,90,1
163,373,129,314,431,102,113,93,1
163,340,135,297,477,129,106,90,1
149,345,128,266,475,123,99,83,1
172,370,144,231,452,120,103,91,1
172,353,180,223,442,125,108,85,1
159,345,212,259,474,142,110,83,1
162,363,212,296,423,116,113,82,1
192,380,216,353,412,135,131,90,1
209,432,207,369,430,143,127,91,1
204,429,182,356,433,133,123,88,1
206,423,145,316,365,107,148,89,1
207,436,143,331,493,117,145,90,1
186,447,145,257,520,101,143,102,1
147,379,145,266,552,103,156,95,1
146,386,151,295,576,111,167,106,1
145,442,161,374,578,119,149,103,1
145,419,160,388,498,122,170,106,1
154,374,160,411,510,119,167,95,1
171,409,185,388,471,107,166,91,1
186,396,173,379,420,107,151,79,1
182,342,159,327,445,129,158,84,1
184,349,159,266,431,121,148,94,1
170,374,155,229,424,122,144,87,1
151,320,122,223,409,129,148,90,1
173,412,143,200,421,127,150,97,1
171,422,137,166,386,96,137,95,1
169,507,192,188,383,90,127,83,1
185,509,214,183,347,107,140,90,1
184,555,226,186,332,108,140,96,1
163,513,222,256,429,109,136,94,1
188,511,242,255,427,110,147,101,1
188,465,212,236,407,128,159,100,1
184,478,199,264,410,117,149,95,1
179,474,192,274,444,114,145,89,1
164,462,197,218,350,116,145,79,1
163,483,194,243,393,139,161,76,1
155,440,185,251,431,127,150,78,1
154,428,175,252,430,127,158,87,1
178,435,186,249,409,127,150,90,1
182,456,181,243,396,120,153,95,1
167,448,155,217,376,93,124,93,1
182,461,147,228,330,98,126,93,1
177,442,145,200,306,93,113,80,1
158,391,125,199,273,86,115,77,1
153,351,114,245,319,83,109,77,1
158,392,125,276,326,99,121,79,1
139,388,156,259,330,95,129,77,1
135,405,156,257,336,97,125,79,1
148,414,155,255,334,107,124,82,1
153,452,156,211,325,115,135,76,1
146,425,150,165,316,101,125,70,1
145,399,116,159,330,104,120,63,1
151,403,126,160,324,105,120,64,1
146,418,131,150,306,95,123,65,1
147,429,131,160,293,85,116,72,1
142,405,136,225,272,85,110,72,1
159,424,145,247,254,73,106,82,1
153,428,127,245,260,64,107,82,1
147,398,124,249,288,69,111,77,1
136,362,135,260,281,83,112,69,1
144,393,133,209,286,78,118,75,1
124,372,137,174,284,83,127,67,1
139,368,150,214,379,99,128,69,1
150,377,150,230,405,101,120,74,1
158,377,134,213,399,96,125,83,1
148,330,137,219,404,113,121,82,1
153,330,127,239,408,108,128,80,1
135,323,141,211,307,95,129,81,1
129,321,151,238,274,98,128,79,1
130,293,168,240,249,102,118,75,1
132,324,175,242,258,86,131,74,1
127,407,196,244,304,91,116,75,1
134,381,182,236,321,88,120,75,1
125,366,174,213,318,90,126,77,1
119,382,160,225,408,82,127,75,1
119,364,147,226,412,77,123,82,1
131,269,117,205,376,72,119,83,1
123,270,119,202,363,72,108,80,1
122,258,111,170,385,59,101,77,1
120,207,112,132,293,57,100,74,1
126,291,124,120,252,68,93,66,1
150,387,137,122,238,71,96,64,1
150,388,130,168,255,85,106,67,1
146,403,133,184,209,101,134,68,1
150,441,142,193,210,101,135,71,1
142,401,130,257,288,97,139,68,1
132,349,121,275,306,101,147,77,1
144,367,122,252,293,98,156,77,1
155,351,129,260,290,86,136,83,1
155,306,123,266,305,88,133,86,1
167,295,124,220,309,100,124,86,1
223,445,125,223,320,92,110,101,1
229,441,148,223,331,84,85,110,1
221,461,147,223,323,95,90,112,1
229,503,152,215,329,101,113,123,1
221,499,154,220,365,103,125,120,1
140,333,153,191,361,107,130,101,1
113,333,157,196,383,113,140,92,1
123,322,157,211,392,111,140,82,1
139,354,153,223,391,106,132,68,1
154,380,157,197,301,90,122,76,1
154,395,153,212,299,89,125,74,1
156,402,132,216,283,89,119,71,1
178,406,126,184,317,78,114,85,1
158,323,117,201,346,79,126,96,1
157,356,104,208,344,93,125,89,1
158,354,100,197,332,98,137,92,1
160,338,88,183,328,91,133,98,1
134,329,95,178,290,84,129,87,1
127,336,109,146,259,82,119,67,1
120,326,124,128,257,86,132,81,1
116,352,125,142,257,88,133,80,1
122,364,143,142,217,102,160,82,1
117,343,136,137,204,107,172,88,1
135,400,138,127,194,111,178,93,1
138,364,128,141,202,112,199,86,1
148,368,144,151,281,108,187,83,1
139,363,133,153,290,105,167,78,1
146,451,134,195,305,105,170,71,1
161,408,122,193,295,117,162,70,1
150,413,116,186,319,109,129,70,1
143,398,104,169,252,109,141,71,1
148,407,99,174,261,101,137,66,1
187,364,104,134,278,117,123,79,1
162,380,111,130,271,105,122,77,1
172,357,127,135,255,107,122,72,1
185,339,123,135,256,112,121,84,1
189,331,122,154,270,115,135,91,1
150,304,122,146,226,96,139,81,1
143,269,116,146,239,94,155,83,1
130,302,118,130,223,97,149,84,1
124,303,114,122,231,85,144,75,1
130,330,115,100,195,108,156,71,1
123,310,112,101,216,110,156,69,1
130,398,156,99,200,105,141,77,1
159,415,144,102,222,115,143,76,1
158,416,150,122,205,118,140,77,1
142,390,165,152,228,97,117,79,1
141,396,163,158,211,117,140,81,1
143,324,134,168,241,122,140,76,1
112,284,155,170,208,106,140,81,1
109,316,155,170,204,105,151,85,1
123,329,153,141,188,114,165,88,1
117,329,160,149,192,96,136,87,1
112,358,157,142,206,96,128,83,1
125,371,146,142,207,93,132,82,1
125,340,144,126,227,111,119,79,1
116,329,136,129,227,96,109,66,1
128,362,145,111,227,101,141,64,1
140,304,142,106,186,97,142,63,1
125,284,128,109,194,110,141,62,1
117,288,122,123,195,92,146,59,1
114,284,118,114,200,91,141,60,1
111,225,105,114,196,87,119,62,1
106,261,104,145,190,90,127,63,1
113,263,111,147,195,75,128,59,1
119,277,130,132,179,92,134,72,1
122,313,136,130,225,108,135,76,1
118,331,136,136,221,100,134,83,1
107,305,129,109,239,97,130,83,1
106,305,138,160,259,99,129,83,1
94,298,133,165,260,91,116,80,1
95,263,131,164,228,91,117,76,1
103,235,122,165,240,95,109,74,1
109,240,121,168,232,102,111,70,1
105,240,117,115,196,98,106,78,1
113,236,106,123,212,93,103,72,1
113,228,107,119,203,80,95,86,1
104,228,116,137,240,85,111,84,1
98,247,127,131,238,73,109,87,1
97,252,117,132,240,79,125,82,1
96,239,112,116,215,78,125,78,1
107,248,95,119,223,78,129,66,1
106,243,84,94,187,72,117,66,1
110,260,69,102,188,80,133,72,1
112,241,89,127,208,82,123,74,1
126,284,92,140,239,83,133,79,1
117,273,94,172,261,81,131,74,1
143,356,95,201,317,78,143,75,1
142,353,108,200,332,77,125,66,1
145,377,96,185,329,70,113,61,1
133,359,107,182,310,65,106,63,1
135,398,127,171,305,75,113,69,1
128,362,158,139,236,82,100,72,1
131,347,158,131,204,85,104,73,1
126,324,160,136,238,91,107,72,1
124,328,149,142,261,98,125,69,1
138,299,145,147,256,105,121,70,1
119,260,112,158,251,103,121,65,1
112,257,104,163,278,109,114,63,1
108,320,109,186,237,108,138,66,1
112,298,126,186,238,107,125,63,1
82,302,123,199,225,89,123,54,1
87,302,133,229,243,89,140,61,1
93,341,140,240,242,78,156,63,1
107,284,150,224,269,89,146,63,1
107,308,146,240,260,95,158,62,1
121,298,144,234,332,102,165,77,1
121,333,140,243,400,100,156,70,1
134,350,144,248,407,130,154,77,1
133,354,135,253,410,124,152,81,1
145,394,155,248,424,127,138,90,1
163,427,174,250,411,135,148,87,1
199,470,189,219,365,137,168,115,1
210,543,196,201,356,118,198,121,1
213,566,196,212,435,123,256,124,1
215,612,213,220,434,118,304,134,1
204,590,217,324,430,112,312,141,1
173,548,208,325,460,116,307,123,1
161,503,232,372,482,108,303,123,1
163,508,235,380,449,100,264,124,1
160,440,214,380,461,99,218,125,1
182,496,215,294,431,100,236,119,1
177,513,230,289,434,95,228,121,1
205,541,208,304,418,94,208,120,1
211,518,208,310,429,127,210,117,1
206,493,199,325,460,134,197,97,1
209,553,187,342,570,141,160,103,1
209,536,175,415,587,150,171,107,1
174,446,166,394,598,155,178,99,1
214,476,166,394,554,140,178,108,1
220,520,189,373,516,128,195,110,1
249,511,232,428,489,138,192,133,1
266,514,233,369,462,137,186,128,1
269,545,237,342,525,131,190,131,1
233,519,236,325,559,128,171,124,1
231,511,219,356,631,146,175,134,1
195,396,170,264,598,128,181,102,1
213,462,200,318,603,138,197,115,1
231,479,197,367,611,148,201,123,1
233,499,210,420,619,145,208,133,1
263,529,229,492,590,140,194,128,1
276,577,239,544,635,155,181,132,1
256,548,214,524,664,145,156,132,1
289,630,207,496,608,144,137,133,1
301,633,191,491,646,150,152,128,1
278,606,174,482,660,143,166,129,1
262,602,171,452,623,129,180,139,1
268,618,181,505,651,144,208,133,1
225,542,184,542,751,144,238,132,1
240,599,177,594,739,142,226,142,1
244,597,187,598,729,155,220,145,1
236,568,171,607,737,162,218,137,1
256,579,190,632,703,168,209,148,1
247,583,202,634,660,177,208,148,1
214,508,229,620,683,186,234,149,1
205,536,217,575,705,184,233,150,1
211,547,244,589,703,178,256,151,1
174,511,224,553,733,184,266,144,1
199,548,219,588,711,184,246,134,1
234,625,244,561,748,176,228,138,1
248,616,266,605,819,185,230,130,1
252,613,262,577,820,198,203,128,1
271,656,281,552,781,214,194,117,1
267,579,282,527,759,210,192,120,1
242,579,263,493,719,207,179,108,1
222,576,261,472,632,193,181,111,1
232,589,260,513,728,194,169,112,1
202,554,236,493,747,155,160,110,1
187,564,235,457,735,162,172,110,1
231,580,244,526,719,171,193,120,1
254,587,233,511,665,184,200,125,1
234,569,208,475,534,170,200,116,1
245,559,207,492,539,173,211,125,1
264,570,225,537,556,186,206,129,1
235,475,186,502,523,187,193,111,1
217,448,199,533,521,169,186,98,1
231,458,211,516,494,165,190,99,1
220,435,217,493,434,156,164,90,1
195,436,207,499,499,132,160,79,1
205,508,234,452,488,116,148,89,1
208,516,226,353,485,130,134,89,1
186,483,212,353,540,131,120,89,1
190,491,201,344,539,131,120,100,1
177,476,197,218,449,116,101,99,1
147,380,166,241,427,110,125,95,1
125,349,167,287,423,97,123,93,1
129,369,172,283,351,115,153,91,1
129,358,177,287,309,117,163,81,1
139,410,192,314,315,118,175,80,1
147,429,197,303,310,118,162,84,1
163,425,182,283,302,122,160,91,1
154,400,187,259,288,94,131,90,1
158,400,183,258,303,90,118,87,1
147,339,170,209,311,93,110,91,1
150,333,157,195,290,102,122,90,1
147,356,169,251,325,95,134,93,1
152,362,162,267,321,105,140,100,1
148,392,170,267,350,104,145,109,1
153,399,149,315,326,102,134,103,1
147,397,152,310,336,123,134,102,1
159,397,145,249,374,139,154,104,1
168,419,146,276,415,138,151,97,1
206,412,142,276,399,137,150,97,1
232,462,140,261,400,146,160,108,1
228,441,145,286,410,123,158,109,1
212,450,132,293,360,104,138,98,1
207,462,145,342,331,111,147,100,1
175,491,153,362,317,113,154,91,1
151,461,155,332,323,97,155,89,1
158,503,177,354,404,106,157,89,1
149,475,194,372,410,109,157,91,1
151,447,189,302,403,105,158,93,1
146,406,177,305,431,105,171,90,1
133,394,178,340,434,119,182,91,1
126,358,162,301,356,114,172,78,1
153,399,146,265,363,114,167,81,1
145,402,141,272,354,113,181,80,1
155,416,146,245,325,115,173,90,1
192,433,144,191,358,104,155,96,1
194,435,147,185,350,98,157,102,1
192,430,140,210,339,99,161,101,1
205,429,153,201,353,93,147,109,1
193,387,148,221,394,93,139,105,1
150,344,147,213,346,105,137,89,1
151,381,142,209,343,103,142,87,1
151,361,145,219,350,95,133,81,1
183,437,151,259,392,91,114,68,1
203,475,162,241,397,96,113,78,1
210,466,157,266,442,80,126,94,1
226,467,176,269,458,86,130,101,1
229,496,186,271,466,95,136,112,1
191,442,168,229,430,103,164,124,1
206,494,168,231,392,112,176,126,1
204,563,182,210,361,109,176,122,1
186,539,163,226,389,114,175,119,1
179,534,147,232,434,120,205,126,1
187,557,154,226,466,126,194,114,1
184,603,153,258,497,119,188,100,1
222,602,160,280,573,130,182,98,1
225,610,156,285,559,124,190,95,1
252,610,192,316,513,119,185,84,1
250,584,188,325,488,115,184,88,1
224,477,180,349,454,119,179,89,1
184,403,173,361,381,110,175,87,1
173,368,185,364,397,119,169,96,1
114,300,155,353,435,126,154,93,1
105,295,151,355,423,149,169,93,1
120,305,192,332,427,140,172,95,1
146,360,192,301,413,145,172,91,1
156,394,186,277,391,144,170,85,1
162,417,206,262,372,140,156,86,1
164,403,211,252,376,115,151,83,1
152,394,183,222,369,108,142,77,1
131,382,176,236,339,113,159,74,1
148,351,164,248,341,121,216,70,1
154,386,141,236,294,114,219,71,1
155,391,133,270,305,119,205,74,1
149,363,122,264,308,130,214,80,1
145,335,124,266,367,125,212,87,1
124,361,133,293,344,104,146,84,1
115,312,115,277,347,103,139,85,1
127,326,119,244,380,101,142,82,1
144,374,128,260,405,95,131,85,1
153,376,120,243,351,86,118,87,1
153,355,114,206,357,98,123,88,1
142,330,131,206,347,102,154,80,1
135,341,130,200,287,94,166,91,1
121,290,122,177,293,118,176,86,1
108,252,122,164,327,122,171,80,1
145,320,120,158,335,116,178,96,1
169,391,124,169,415,118,156,95,1
185,437,152,201,431,121,143,87,1
191,442,145,215,434,89,124,91,1
204,475,172,216,402,97,128,93,1
194,485,206,246,469,100,113,76,1
175,432,219,236,412,95,114,80,1
160,381,214,216,396,97,128,86,1
172,397,220,200,376,106,130,83,1
164,399,217,215,408,105,138,85,1
157,330,195,181,359,103,148,92,1
159,333,171,172,367,100,159,90,1
183,414,151,206,402,104,164,91,1
174,407,152,216,414,133,170,95,1
195,415,145,215,405,129,175,100,1
194,439,131,215,375,133,179,93,1
196,465,132,230,431,142,161,94,1
174,381,137,189,405,134,153,94,1
184,376,131,253,385,107,149,94,1
162,347,112,249,358,109,140,95,1
153,342,109,252,370,115,139,102,1
150,330,109,268,333,118,157,101,1
168,375,120,306,369,124,156,92,1
148,375,129,255,386,120,150,90,1
153,409,130,263,418,115,155,82,1
166,453,146,256,423,104,146,71,1
165,433,166,268,513,105,136,70,1
163,403,155,262,496,129,145,70,1
163,405,144,250,479,131,149,69,1
150,396,151,237,466,136,136,68,1
132,339,137,266,472,134,143,71,1
145,425,156,231,354,129,140,70,1
130,450,170,200,337,104,121,73,1
132,442,173,234,327,97,129,72,1
128,400,171,246,379,108,129,80,1
134,414,181,217,428,112,120,81,1
116,363,165,216,402,109,119,82,1
108,327,154,224,422,105,116,86,1
122,357,152,201,443,112,126,88,1
136,406,153,222,414,111,139,84,1
68,94,239,72,28,46,51,34,2
71,112,241,68,28,26,48,33,2
72,110,209,62,28,51,56,34,2
74,134,203,59,29,53,60,34,2
62,157,257,57,31,55,75,39,2
64,165,228,52,31,55,67,42,2
64,162,227,51,31,56,68,43,2
68,164,239,56,31,34,62,43,2
64,145,240,61,32,50,65,44,2
65,124,195,61,28,48,53,39,2
70,122,210,62,28,49,54,37,2
72,105,213,61,27,52,55,38,2
73,103,200,57,27,53,56,37,2
81,130,195,56,28,36,53,38,2
87,149,204,56,29,37,51,39,2
79,139,204,70,31,48,54,38,2
81,140,210,71,34,50,56,38,2
81,162,306,72,33,48,57,40,2
72,155,445,77,34,47,52,36,2
61,136,490,81,34,46,55,36,2
69,149,513,77,34,31,54,39,2
68,153,529,76,32,23,52,38,2
84,150,481,78,38,25,52,40,2
98,163,453,81,41,26,53,43,2
96,161,435,79,40,29,58,41,2
97,176,422,86,39,47,58,39,2
99,179,422,101,40,50,59,41,2
85,165,463,101,37,50,59,40,2
67,143,374,97,34,49,70,41,2
73,146,340,94,33,49,60,42,2
74,121,316,80,34,36,62,42,2
68,140,367,67,35,51,59,41,2
73,150,329,71,38,54,59,39,2
75,151,352,73,36,55,48,36,2
76,157,395,73,36,55,51,38,2
71,152,408,76,35,53,47,41,2
71,128,387,80,37,48,49,42,2
62,115,383,77,31,47,47,42,2
72,143,381,70,30,48,46,42,2
82,140,341,71,31,47,53,43,2
79,140,322,71,32,49,56,40,2
81,150,278,66,29,37,54,39,2
87,146,326,80,34,37,54,43,2
82,117,321,85,36,49,57,49,2
72,121,296,83,36,50,42,46,2
70,122,284,80,35,49,39,47,2
67,111,310,77,36,49,39,46,2
59,109,292,60,32,47,45,41,2
57,101,278,55,30,33,51,35,2
55,87,298,58,31,48,60,38,2
55,95,326,68,27,48,60,35,2
65,115,377,73,25,48,62,35,2
75,130,372,78,26,47,61,37,2
73,131,385,77,25,47,61,35,2
71,130,402,79,25,29,54,35,2
79,134,396,72,29,28,57,35,2
84,130,359,68,31,42,56,40,2
76,122,352,63,32,52,54,41,2
78,123,346,66,35,56,52,40,2
78,119,333,61,35,56,56,38,2
74,129,348,69,35,56,53,39,2
60,120,325,77,35,49,51,33,2
64,116,306,78,32,37,63,30,2
68,116,349,79,31,32,55,41,2
69,146,386,83,33,57,56,42,2
64,129,368,78,32,57,58,41,2
65,134,373,81,31,57,57,41,2
62,142,386,79,32,56,46,39,2
67,144,339,79,32,56,50,34,2
66,115,276,76,29,30,44,35,2
69,120,280,79,30,40,43,35,2
74,137,247,70,31,49,82,50,2
81,138,210,69,30,50,83,54,2
74,157,248,67,29,50,82,52,2
72,160,250,61,31,51,83,52,2
75,151,270,54,30,43,84,54,2
81,136,259,44,27,31,56,42,2
79,131,258,40,27,26,49,37,2
81,122,227,45,30,27,50,38,2
82,121,221,59,30,28,50,37,2
90,136,193,72,33,29,48,39,2
84,145,235,86,35,31,39,38,2
82,145,285,89,36,31,37,37,2
91,141,288,86,34,31,48,36,2
92,148,302,79,31,28,49,39,2
81,145,328,67,30,27,49,37,2
85,136,318,51,29,26,48,41,2
83,144,292,58,29,26,52,42,2
72,148,312,56,28,25,53,41,2
73,141,313,58,30,25,53,40,2
88,147,281,69,27,22,53,42,2
80,154,263,69,30,23,56,37,2
78,146,269,72,28,35,56,37,2
73,135,267,74,29,48,61,38,2
70,129,268,78,27,49,61,35,2
45,115,282,71,29,50,60,32,2
51,99,295,70,26,50,57,31,2
67,90,282,65,27,43,56,33,2
69,86,276,62,27,27,38,31,2
76,102,254,60,30,29,44,36,2
77,103,267,64,31,50,51,33,2
89,108,246,64,31,51,56,41,2
79,110,243,65,31,51,55,40,2
78,125,298,70,31,52,57,41,2
74,128,328,82,31,50,50,40,2
78,148,318,79,30,29,58,44,2
64,146,325,81,29,26,55,36,2
86,212,337,78,30,26,56,42,2
89,208,313,82,31,52,65,47,2
95,214,354,67,30,54,66,47,2
96,203,344,71,35,56,53,48,2
94,213,407,84,38,57,55,49,2
80,155,398,82,39,57,56,47,2
76,153,367,76,39,36,46,40,2
75,141,314,78,40,32,43,43,2
74,151,383,76,40,55,52,46,2
74,134,339,61,37,55,49,46,2
75,134,367,65,36,57,61,44,2
73,137,405,68,36,57,60,43,2
64,142,396,70,34,58,61,40,2
65,135,326,91,41,41,55,35,2
74,135,331,91,44,54,57,37,2
65,127,338,88,42,55,42,37,2
70,129,334,85,42,55,40,41,2
90,139,371,86,42,55,38,42,2
88,136,385,69,29,50,37,42,2
90,135,364,67,29,55,44,48,2
91,148,329,76,32,54,42,47,2
92,155,288,77,33,54,63,47,2
75,138,257,75,31,53,62,47,2
74,136,247,70,31,52,62,48,2
62,135,267,74,29,50,56,39,2
68,135,277,65,30,54,57,42,2
66,114,286,69,32,55,35,39,2
77,113,294,72,38,55,57,42,2
85,110,290,77,40,56,61,42,2
94,115,286,80,43,51,63,46,2
92,100,333,84,43,49,62,46,2
90,104,368,91,41,49,62,46,2
88,114,366,87,37,51,46,42,2
84,116,391,84,37,52,62,45,2
77,111,403,84,32,39,59,44,2
77,110,379,76,29,46,60,40,2
89,121,342,75,34,46,61,45,2
89,113,321,80,34,45,62,46,2
84,108,287,79,33,43,56,45,2
88,111,292,79,34,45,56,42,2
90,154,276,91,34,36,55,47,2
82,160,286,91,34,53,59,44,2
71,158,290,86,33,55,56,46,2
76,163,346,84,32,56,41,45,2
68,163,330,90,34,54,60,49,2
60,120,353,81,35,53,60,46,2
65,136,360,73,31,54,61,46,2
73,133,363,73,32,51,61,40,2
73,128,311,76,32,51,62,41,2
74,136,286,65,28,51,46,39,2
75,137,237,61,29,52,53,39,2
71,114,201,61,28,31,49,40,2
65,119,262,73,28,33,49,40,2
59,117,267,73,27,51,51,39,2
55,101,278,70,29,52,64,37,2
62,114,276,71,26,49,57,37,2
65,119,295,70,25,49,55,36,2
65,115,239,56,24,49,54,41,2
67,116,268,52,25,28,53,42,2
75,127,292,61,24,47,74,43,2
77,111,301,62,26,53,78,46,2
78,121,286,63,28,56,81,54,2
75,115,279,61,29,56,83,51,2
73,116,232,60,28,57,85,49,2
80,124,195,67,29,42,58,52,2
75,125,191,67,28,41,63,52,2
68,111,201,73,27,52,61,44,2
71,112,225,74,32,54,61,44,2
71,115,227,73,30,54,57,44,2
57,96,226,62,30,54,67,37,2
58,109,243,65,30,49,56,35,2
62,125,225,54,29,52,59,36,2
66,128,197,53,25,52,58,33,2
73,135,198,57,27,50,59,32,2
73,138,218,57,27,49,50,35,2
65,131,222,55,30,52,58,32,2
61,114,221,58,31,37,56,30,2
59,118,251,67,33,33,56,33,2
59,116,260,67,34,34,55,32,2
57,109,246,70,34,34,47,30,2
58,105,253,69,33,46,54,35,2
61,87,259,67,30,44,54,38,2
64,90,258,62,28,44,52,36,2
64,78,252,59,27,44,53,41,2
69,86,258,54,27,43,52,42,2
76,91,225,50,27,25,43,42,2
76,97,247,51,29,26,55,42,2
73,93,230,45,29,25,55,43,2
71,107,233,46,27,26,57,45,2
69,105,227,44,28,43,59,43,2
61,102,245,43,26,47,66,41,2
58,107,210,48,26,46,55,39,2
58,110,239,57,26,47,57,37,2
52,94,239,59,28,48,55,35,2
47,100,253,61,29,31,56,36,2
61,117,267,66,29,28,46,38,2
76,113,267,64,31,27,50,42,2
78,105,249,53,29,29,52,44,2
79,107,253,52,28,50,54,41,2
82,109,262,54,27,50,62,40,2
73,101,244,52,27,51,59,38,2
58,104,246,50,26,52,55,33,2
58,118,240,59,30,53,56,32,2
57,114,226,63,30,32,56,32,2
56,121,200,60,29,33,54,36,2
62,120,190,60,28,31,56,46,2
63,115,200,60,27,31,59,46,2
55,98,182,52,22,27,55,45,2
60,100,182,45,21,25,52,45,2
59,82,209,57,28,29,57,43,2
51,71,198,54,30,29,52,32,2
51,75,177,54,33,29,52,31,2
62,79,198,63,36,31,55,35,2
63,95,226,65,36,29,55,35,2
69,107,183,58,32,26,51,37,2
82,132,197,59,30,26,53,38,2
82,138,244,64,26,24,52,40,2
77,151,282,59,24,22,50,37,2
77,144,294,56,24,24,50,38,2
80,143,299,57,22,44,66,38,2
67,120,315,60,29,45,69,36,2
70,119,290,59,31,47,71,34,2
74,106,251,56,31,48,71,35,2
72,112,219,57,32,48,71,32,2
71,108,223,56,34,33,65,37,2
75,112,219,55,29,30,62,39,2
75,107,236,53,29,46,59,40,2
72,114,226,58,29,47,58,40,2
74,108,222,59,28,48,59,42,2
67,97,228,59,25,46,54,37,2
77,102,199,54,29,46,53,40,2
74,96,164,49,27,28,51,37,2
84,96,211,49,28,26,53,45,2
81,105,222,50,29,42,53,46,2
79,103,208,52,29,44,52,47,2
72,101,244,57,28,45,54,46,2
71,114,256,66,29,45,55,45,2
58,102,237,67,27,46,52,37,2
59,97,221,68,27,30,64,36,2
59,99,261,66,27,27,52,35,2
58,93,248,61,23,28,52,35,2
63,78,242,54,22,51,55,39,2
68,75,228,47,23,52,55,41,2
67,66,265,54,24,53,46,39,2
64,64,234,58,24,54,53,38,2
60,68,224,59,28,53,50,39,2
78,67,222,61,30,30,46,41,2
74,70,215,63,29,29,49,41,2
77,73,173,53,28,49,50,42,2
79,91,205,52,29,52,57,40,2
78,83,205,60,27,53,58,37,2
58,83,206,64,25,54,60,33,2
57,85,207,67,25,53,58,35,2
48,81,225,70,27,33,54,33,2
44,58,238,72,28,30,43,35,2
46,61,292,78,27,30,49,39,2
48,57,294,78,28,30,48,40,2
57,93,312,79,28,30,48,38,2
58,95,309,81,29,32,47,38,2
60,107,272,87,29,46,45,38,2
70,119,235,81,30,47,39,37,2
67,122,232,78,32,49,57,37,2
61,94,274,84,36,49,57,36,2
78,110,311,84,35,48,58,39,2
78,101,310,74,34,32,56,37,2
70,94,310,71,35,30,55,34,2
69,93,314,68,32,43,35,35,2
80,113,273,71,32,50,51,42,2
74,109,220,69,29,51,51,41,2
80,114,217,73,29,52,51,44,2
80,133,207,76,27,53,51,46,2
81,144,209,80,30,41,52,45,2
74,144,204,70,28,31,44,40,2
71,137,222,74,30,30,57,40,2
67,136,234,74,30,28,58,41,2
69,121,222,70,30,26,59,41,2
73,108,260,72,29,50,62,44,2
68,88,267,67,27,52,56,43,2
66,87,285,63,27,52,41,43,2
72,98,284,62,26,53,38,42,2
68,89,278,65,26,54,38,39,2
70,102,252,58,27,31,48,35,2
70,103,232,56,28,27,47,36,2
64,100,186,60,30,44,53,35,2
60,83,179,54,29,43,54,35,2
67,85,244,65,33,44,53,36,2
66,77,240,64,32,45,52,40,2
70,83,245,66,32,45,54,41,2
72,86,248,66,32,29,50,41,2
69,86,276,67,33,30,52,40,2
68,88,216,60,28,29,51,41,2
62,113,197,58,26,24,36,35,2
57,114,202,59,28,24,31,35,2
56,114,197,61,28,22,30,32,2
54,115,149,61,28,20,35,35,2
60,109,164,58,28,24,54,43,2
59,73,182,60,29,23,58,45,2
64,68,186,67,34,27,63,48,2
64,61,201,61,32,28,62,52,2
65,77,203,59,33,27,60,50,2
54,77,254,56,34,25,42,42,2
65,82,253,58,33,27,61,46,2
72,87,242,55,26,23,57,43,2
81,101,234,61,30,23,60,46,2
84,107,232,62,30,33,59,46,2
84,104,154,64,31,47,65,48,2
75,104,150,65,32,49,44,43,2
64,95,185,61,32,50,44,44,2
51,82,220,56,29,51,41,37,2
66,63,218,55,27,47,50,39,2
73,72,260,58,23,31,47,40,2
78,72,261,58,23,28,48,40,2
89,91,249,58,23,49,50,40,2
92,143,251,58,25,49,51,40,2
79,146,293,57,28,48,45,40,2
81,159,290,54,29,48,41,38,2
83,172,289,52,28,49,40,39,2
72,183,293,53,32,57,44,34,2
68,149,282,56,31,56,39,35,2
75,156,251,66,28,57,36,33,2
83,167,222,74,29,56,36,33,2
81,161,242,83,31,56,34,33,2
87,145,246,87,27,38,25,38,2
89,146,250,87,28,41,26,39,2
85,145,247,81,31,40,26,40,2
79,131,292,77,32,42,27,41,2
80,134,302,77,32,43,28,43,2
73,131,292,73,33,32,25,38,2
72,133,290,74,34,34,26,40,2
74,130,295,78,32,47,32,40,2
67,118,248,76,34,50,34,42,2
62,112,225,74,33,50,33,39,2
69,116,233,75,33,51,34,48,2
82,120,235,74,33,48,36,50,2
79,107,256,70,31,55,34,48,2
77,119,303,71,29,52,32,43,2
74,117,310,64,31,52,33,43,2
68,113,296,63,29,51,34,37,2
54,103,302,61,30,52,35,36,2
69,127,278,67,32,30,34,39,2
73,115,240,69,32,50,38,42,2
76,111,212,72,32,50,38,46,2
84,126,219,71,32,51,36,44,2
84,122,220,78,30,49,34,43,2
77,112,244,72,31,53,37,45,2
83,120,227,65,29,36,33,47,2
81,138,228,59,28,40,34,44,2
73,125,251,60,28,51,36,46,2
82,131,221,50,31,53,39,46,2
79,125,221,56,31,49,35,44,2
76,142,341,68,34,50,37,42,2
82,126,352,69,34,46,37,44,2
80,126,373,69,36,32,34,43,2
70,128,377,69,35,29,32,40,2
79,134,375,65,34,46,37,42,2
75,114,289,53,32,46,34,39,2
71,123,288,63,32,45,33,38,2
71,126,259,59,29,45,32,38,2
74,124,250,57,27,46,32,38,2
64,117,239,61,27,28,25,34,2
59,108,233,70,30,51,30,33,2
61,91,218,63,34,55,37,37,2
61,101,191,68,33,56,37,35,2
65,102,188,68,34,57,39,40,2
77,109,198,69,34,56,41,45,2
74,107,200,59,30,36,37,45,2
70,110,208,60,25,29,33,40,2
77,106,218,64,26,26,34,41,2
75,99,228,64,26,26,32,38,2
62,91,213,62,24,44,33,30,2
69,91,208,60,24,45,35,34,2
74,94,210,60,25,46,31,36,2
66,90,208,52,25,47,31,36,2
60,93,253,48,24,46,30,35,2
62,96,249,58,26,30,27,35,2
57,98,236,63,30,28,27,33,2
53,97,227,62,30,26,29,33,2
59,104,232,64,32,34,26,30,2
58,115,231,74,31,45,32,30,2
62,135,234,66,30,46,29,33,2
63,135,240,69,28,46,30,32,2
63,135,240,65,27,47,30,32,2
56,127,259,60,27,42,33,31,2
60,118,209,51,28,29,29,33,2
70,104,207,52,28,27,30,34,2
69,105,230,55,27,51,32,36,2
68,105,231,59,28,52,29,36,2
68,102,208,62,28,52,28,36,2
72,102,252,64,27,52,27,38,2
64,88,244,73,28,52,30,38,2
67,99,242,66,28,28,27,36,2
72,119,244,64,25,25,28,36,2
78,122,261,72,25,24,27,36,2
73,134,218,68,26,25,27,35,2
71,132,219,54,23,23,27,32,2
67,121,198,68,26,25,30,34,2
63,107,189,70,31,38,34,32,2
63,110,147,61,30,50,40,31,2
70,93,149,67,30,52,40,34,2
70,96,164,75,30,53,38,37,2
72,100,171,66,30,52,35,40,2
76,105,189,71,28,44,35,44,2
93,116,193,70,27,30,33,48,2
87,124,205,71,28,48,36,44,2
89,128,191,63,29,49,36,47,2
93,133,195,67,29,50,38,43,2
96,140,182,59,31,49,35,44,2
83,142,229,68,35,51,34,44,2
82,139,307,72,36,31,30,47,2
84,133,313,73,36,29,31,46,2
79,131,317,66,33,28,31,47,2
67,111,330,69,32,28,30,42,2
65,96,308,60,31,28,30,39,2
73,88,242,65,28,28,30,38,2
71,105,247,69,29,45,34,36,2
72,106,254,70,30,45,32,33,2
75,119,253,67,29,47,32,35,2
76,123,238,67,27,46,30,34,2
75,133,217,49,27,47,31,33,2
70,131,216,51,25,31,24,31,2
72,128,186,50,24,48,33,40,2
71,123,165,52,26,49,33,39,2
72,131,196,51,25,50,37,39,2
66,131,219,60,28,50,35,39,2
64,122,286,67,29,50,36,41,2
61,123,302,65,30,33,30,34,2
69,131,314,64,29,31,31,36,2
66,120,303,63,27,46,35,36,2
65,113,295,55,24,54,57,37,2
68,118,235,41,24,54,57,34,2
71,124,228,49,26,55,57,34,2
66,115,217,64,30,54,57,32,2
63,117,257,67,32,41,52,31,2
60,111,247,67,32,31,27,30,2
62,107,241,71,32,30,28,31,2
58,99,222,68,31,27,27,30,2
58,92,215,53,29,30,30,32,2
58,81,196,50,26,43,31,35,2
66,80,217,56,27,44,32,37,2
61,89,208,54,26,46,37,38,2
62,108,223,53,26,46,38,36,2
62,109,241,61,29,45,40,37,2
64,112,212,66,32,31,38,37,2
76,121,204,68,33,29,40,37,2
73,108,200,70,33,45,35,35,2
71,84,184,74,31,47,36,36,2
76,125,199,77,28,46,36,35,2
88,138,219,72,24,47,36,37,2
79,139,203,65,23,47,32,38,2
80,143,223,61,25,31,32,38,2
81,153,278,63,25,26,30,41,2
75,140,279,61,28,26,29,41,2
60,130,275,63,31,49,41,41,2
58,125,281,65,30,52,43,38,2
60,126,282,63,28,52,42,39,2
57,115,280,58,30,54,43,37,2
69,127,266,50,26,54,45,39,2
73,126,277,56,27,35,35,38,2
70,125,280,62,28,54,40,38,2
70,117,273,65,30,56,41,37,2
75,114,265,70,28,55,39,37,2
65,74,263,72,27,55,37,33,2
58,69,236,68,28,54,35,32,2
64,85,249,75,30,32,30,32,2
63,88,235,79,31,33,30,34,2
60,88,188,80,35,46,37,36,2
61,84,186,81,36,48,36,38,2
73,90,241,94,35,47,36,38,2
70,99,249,87,32,46,35,40,2
71,99,257,82,31,44,37,46,2
76,108,263,77,27,26,29,47,2
74,114,247,75,27,25,29,46,2
67,108,205,56,26,25,28,45,2
73,111,191,52,27,25,31,44,2
74,115,181,47,24,41,40,33,2
70,104,181,50,26,46,42,28,2
73,103,204,56,29,46,42,31,2
68,97,190,53,26,47,43,31,2
63,75,161,54,27,47,42,31,2
64,84,180,54,27,33,32,33,2
70,94,184,52,27,25,30,36,2
66,97,165,45,24,22,29,37,2
69,105,189,52,28,22,29,39,2
67,100,213,66,31,22,30,38,2
72,98,207,70,32,43,30,38,2
67,98,247,74,30,45,29,35,2
66,96,266,72,29,46,32,31,2
67,90,254,70,28,46,32,31,2
65,94,240,60,24,46,32,29,2
59,86,233,60,25,26,30,29,2
35,64,187,101,34,64,147,36,3
41,58,179,98,36,68,140,36,3
41,59,182,98,38,70,144,39,3
39,58,193,100,38,72,171,36,3
41,56,206,100,36,59,134,34,3
43,53,186,81,36,58,143,36,3
41,60,212,84,34,57,142,33,3
43,63,219,85,32,64,165,30,3
43,68,193,78,32,56,161,30,3
48,76,186,77,31,56,170,33,3
47,77,201,92,32,55,162,33,3
45,75,182,89,33,64,159,34,3
44,73,180,90,33,54,177,38,3
49,66,183,91,31,52,156,39,3
43,66,191,92,35,53,148,39,3
41,64,202,92,37,63,149,36,3
41,66,216,98,38,53,184,38,3
47,68,224,104,41,55,147,39,3
45,70,220,103,43,53,151,40,3
46,63,209,103,42,66,148,38,3
50,62,185,93,39,62,184,42,3
51,74,203,102,38,64,154,39,3
56,75,211,102,35,61,150,37,3
52,73,214,102,33,66,159,40,3
52,77,215,100,32,61,191,39,3
48,76,207,95,31,56,152,37,3
54,73,166,96,36,51,152,42,3
42,65,151,88,37,54,163,39,3
42,75,170,89,35,63,176,35,3
47,74,190,92,38,58,138,38,3
49,76,201,91,38,59,137,39,3
42,64,198,63,31,59,133,35,3
46,65,206,61,30,67,133,39,3
47,60,205,62,32,57,96,41,3
43,69,213,54,30,53,92,40,3
44,78,248,77,33,62,154,40,3
42,81,288,90,36,83,174,38,3
37,81,306,108,36,78,171,33,3
42,79,294,108,35,75,172,34,3
43,76,302,117,39,77,199,30,3
41,65,278,110,38,81,165,32,3
41,60,245,106,35,60,147,28,3
44,62,218,93,35,58,152,32,3
42,59,226,94,33,59,149,31,3
44,57,216,87,29,71,163,34,3
41,54,201,87,26,59,169,33,3
46,55,205,79,27,60,167,35,3
46,53,228,78,28,59,155,34,3
42,55,223,75,31,68,203,32,3
37,51,236,79,32,56,172,32,3
43,63,287,97,34,61,162,30,3
43,79,282,104,36,61,164,29,3
41,77,252,98,35,60,185,27,3
42,78,254,100,34,67,183,28,3
46,75,227,99,32,64,187,32,3
41,76,169,77,32,58,185,32,3
35,60,156,69,28,58,182,34,3
42,63,178,94,32,68,203,38,3
48,64,188,97,36,81,175,44,3
48,83,228,99,35,85,166,42,3
53,89,247,107,35,87,164,45,3
59,93,243,107,37,97,198,47,3
54,91,225,87,34,92,165,43,3
53,92,225,84,30,68,178,43,3
51,76,201,79,31,63,171,40,3
47,61,186,61,29,63,173,37,3
41,56,201,62,28,59,176,33,3
42,58,207,71,28,59,180,35,3
38,62,202,74,31,58,153,27,3
40,64,193,80,34,59,155,31,3
39,67,177,92,38,62,154,30,3
40,66,160,92,38,53,158,32,3
41,67,153,85,37,52,159,33,3
45,72,183,96,38,52,161,37,3
47,75,231,90,37,58,202,34,3
54,77,232,94,36,62,204,35,3
56,77,240,98,37,58,180,34,3
60,82,245,103,38,58,163,35,3
56,72,223,92,34,65,186,34,3
54,71,179,99,37,67,163,37,3
47,68,228,90,34,54,161,36,3
44,72,227,85,34,54,150,36,3
36,67,228,84,33,55,152,32,3
37,71,250,85,35,73,160,31,3
40,73,240,74,29,66,139,31,3
39,71,212,76,31,66,139,32,3
40,67,213,77,31,65,146,34,3
40,63,219,83,33,91,200,40,3
48,73,219,88,33,78,173,44,3
46,67,210,86,34,78,170,43,3
46,66,185,78,32,79,178,43,3
46,68,200,90,36,80,166,39,3
52,80,218,87,37,56,147,36,3
51,69,185,77,35,46,147,31,3
49,67,183,77,34,45,148,30,3
48,70,192,96,40,44,137,30,3
50,72,176,88,41,42,137,31,3
49,63,147,81,37,54,139,30,3
43,62,156,81,39,58,140,30,3
47,63,152,79,39,58,141,33,3
48,60,154,58,31,61,142,32,3
45,60,213,70,25,62,153,33,3
39,53,203,69,28,84,225,34,3
42,59,201,67,28,83,236,38,3
37,59,204,84,30,84,248,36,3
38,57,199,89,31,82,253,41,3
39,56,129,76,36,97,249,43,3
41,62,133,77,34,67,196,41,3
40,70,149,82,34,66,178,40,3
41,71,145,67,36,66,161,41,3
41,69,136,67,36,69,154,36,3
42,69,127,65,33,62,166,37,3
42,70,123,65,32,61,183,42,3
39,58,103,69,32,70,208,41,3
41,59,139,74,31,83,218,45,3
45,74,210,76,37,90,224,50,3
50,86,235,98,44,83,282,52,3
49,85,255,100,46,81,243,48,3
46,85,249,94,45,72,224,47,3
47,83,245,93,45,65,214,44,3
45,70,198,87,41,72,249,47,3
39,53,196,72,32,77,178,41,3
39,68,192,79,32,77,231,46,3
44,71,202,84,36,78,235,46,3
42,70,206,86,35,75,243,47,3
38,69,200,86,32,68,222,39,3
37,77,213,104,36,57,228,39,3
38,67,229,103,38,58,174,36,3
39,63,228,102,35,64,169,41,3
38,62,214,99,36,60,161,40,3
40,65,211,98,34,51,196,40,3
47,62,189,81,31,52,196,44,3
50,68,174,81,28,48,198,44,3
46,67,171,84,26,55,196,39,3
45,67,165,81,24,56,238,36,3
61,75,176,94,30,61,192,40,3
57,76,174,87,34,64,177,39,3
54,63,180,79,33,65,168,38,3
58,70,181,78,34,63,207,37,3
60,77,199,93,42,67,173,42,3
62,82,234,93,45,63,171,48,3
63,86,252,98,45,62,166,47,3
61,87,236,98,45,92,217,48,3
59,82,255,110,45,90,200,48,3
64,82,247,103,39,87,185,47,3
46,72,214,94,34,92,183,37,3
44,70,181,87,30,91,210,35,3
46,68,187,89,31,76,178,36,3
45,70,189,94,33,69,174,39,3
40,73,199,94,34,70,174,37,3
46,82,231,101,34,61,189,37,3
45,74,246,105,38,61,172,38,3
45,75,248,104,37,48,156,33,3
45,74,233,87,34,52,172,28,3
41,67,227,81,32,53,179,30,3
37,52,186,65,31,50,172,30,3
34,51,179,64,29,56,167,30,3
31,53,180,79,32,63,201,33,3
34,54,174,76,33,67,178,36,3
38,57,182,79,33,65,185,40,3
35,55,202,84,33,68,176,40,3
41,68,219,85,32,68,190,39,3
42,66,206,71,29,55,159,39,3
39,63,197,72,26,46,154,36,3
37,61,197,74,26,49,161,38,3
42,61,176,74,26,49,201,41,3
36,53,139,69,25,49,184,43,3
39,54,129,66,26,59,175,41,3
38,56,149,66,28,64,233,44,3
39,54,139,65,30,61,224,40,3
41,57,154,67,31,58,190,42,3
49,65,173,77,32,70,189,44,3
50,63,176,78,32,68,222,46,3
59,87,212,98,35,66,159,44,3
61,89,230,99,39,67,149,43,3
56,89,255,106,41,73,153,37,3
55,85,250,99,40,65,181,36,3
55,88,291,102,39,59,144,34,3
47,71,264,92,37,58,146,34,3
43,67,242,88,32,57,145,32,3
47,64,206,78,28,50,139,34,3
50,69,218,100,33,49,174,35,3
48,67,156,101,37,58,170,40,3
46,61,170,93,36,58,181,39,3
46,74,220,100,37,58,203,40,3
46,78,234,102,37,59,228,39,3
36,70,229,84,33,60,177,37,3
39,68,247,84,30,49,177,32,3
39,66,236,85,32,44,222,34,3
40,53,206,76,35,45,203,35,3
40,54,192,74,36,57,179,35,3
39,49,184,71,34,52,180,34,3
33,49,171,70,34,54,207,33,3
40,59,198,71,34,56,143,31,3
38,59,210,76,32,63,145,32,3
37,55,214,75,32,56,140,35,3
37,62,212,76,33,52,188,36,3
41,62,208,75,32,53,160,38,3
36,56,194,79,29,68,164,39,3
42,68,197,88,31,69,161,39,3
39,73,209,97,32,64,197,37,3
43,66,216,103,30,65,164,35,3
47,69,208,102,35,70,162,39,3
50,66,219,98,37,58,156,38,3
46,56,208,84,34,52,197,37,3
47,51,234,96,34,53,168,36,3
48,64,232,96,40,66,162,47,3
41,63,239,94,38,64,160,41,3
40,63,221,97,36,64,205,40,3
49,66,220,100,38,61,167,42,3
50,76,186,82,39,62,171,44,3
44,65,190,72,35,60,163,33,3
46,66,190,74,33,62,192,34,3
47,65,210,66,32,60,151,35,3
34,60,202,60,30,62,151,34,3
35,44,189,55,27,63,143,37,3
38,46,226,54,26,56,188,36,3
36,45,248,62,28,55,160,35,3
37,47,241,64,29,54,155,34,3
40,45,233,66,29,53,151,31,3
37,53,234,66,27,58,186,25,3
35,55,207,72,28,52,144,25,3
37,56,182,61,26,44,137,26,3
35,59,178,73,28,52,141,26,3
36,60,190,73,28,53,183,27,3
38,56,207,76,29,55,151,31,3
39,57,209,81,28,55,157,34,3
40,63,222,81,30,60,158,33,3
39,60,217,74,30,55,210,35,3
35,57,206,71,30,53,176,35,3
33,61,206,77,33,55,176,32,3
34,68,202,82,35,56,165,30,3
35,66,187,87,38,55,195,36,3
36,69,220,85,38,52,141,35,3
39,73,238,89,37,54,141,36,3
39,67,227,81,37,52,133,36,3
39,56,212,67,34,50,182,36,3
37,57,242,70,32,48,158,36,3
35,57,213,78,34,48,154,36,3
34,59,235,80,35,51,153,37,3
38,60,221,81,33,47,196,40,3
37,64,232,83,35,49,160,38,3
38,62,204,78,34,48,152,34,3
39,60,202,70,32,47,150,33,3
45,59,186,68,32,56,210,36,3
40,61,235,68,30,53,178,32,3
41,61,226,69,28,50,175,34,3
38,53,221,66,26,50,181,35,3
38,52,215,66,26,61,204,35,3
34,54,193,65,25,51,177,33,3
34,63,148,72,28,50,171,34,3
35,68,178,86,30,51,168,33,3
41,79,180,89,32,59,205,34,3
44,79,191,94,33,57,197,38,3
41,75,207,98,33,54,167,35,3
41,74,212,91,30,53,166,38,3
40,69,211,80,28,53,198,39,3
35,62,227,86,29,55,155,37,3
31,62,218,79,27,46,137,33,3
33,62,198,71,28,46,138,32,3
30,51,189,72,29,46,137,26,3
41,67,214,77,31,45,90,26,3
41,70,196,68,27,48,151,27,3
47,71,198,66,27,54,162,31,3
47,70,194,63,27,54,175,33,3
48,72,206,71,27,55,216,36,3
37,58,154,63,26,55,218,37,3
37,49,172,61,28,57,179,38,3
28,47,190,65,30,53,166,34,3
35,49,194,74,31,55,159,36,3
41,49,184,64,30,56,101,40,3
47,54,191,62,29,66,88,40,3
48,57,201,77,29,52,81,40,3
49,59,206,81,30,53,81,42,3
53,61,207,75,29,55,161,38,3
48,60,210,78,29,62,175,33,3
45,64,226,86,34,57,177,31,3
46,71,207,84,37,57,208,29,3
48,72,183,83,38,57,219,27,3
39,68,179,85,36,62,178,26,3
40,71,182,88,37,60,163,26,3
39,63,154,80,33,53,163,29,3
42,52,149,68,29,53,173,29,3
41,54,198,78,29,62,169,30,3
42,66,206,82,32,56,152,31,3
45,68,208,80,34,52,162,32,3
42,64,222,85,34,54,198,30,3
42,66,221,92,37,56,165,30,3
40,64,214,82,38,58,166,28,3
38,54,217,74,34,55,165,28,3
35,49,201,73,32,56,152,27,3
41,62,184,69,34,57,157,25,3
35,60,188,72,33,65,175,26,3
36,56,146,70,30,56,169,26,3
38,59,134,69,32,59,180,28,3
38,59,148,78,33,55,204,30,3
31,53,151,76,33,54,167,31,3
31,54,157,70,30,51,155,29,3
35,58,164,71,30,48,152,33,3
44,61,174,79,31,52,190,41,3
43,62,161,69,30,53,172,39,3
44,62,168,71,30,59,169,40,3
44,59,173,69,30,55,164,41,3
40,56,161,68,28,58,187,41,3
32,53,151,66,26,51,153,32,3
34,54,161,69,31,50,149,32,3
34,46,166,66,34,55,152,30,3
39,60,176,67,35,55,145,32,3
37,61,184,65,35,54,181,28,3
38,60,192,60,35,57,171,28,3
35,57,183,56,29,65,179,30,3
38,56,172,53,25,61,178,34,3
40,44,146,48,24,60,207,37,3
42,44,152,54,23,58,156,37,3
39,40,144,58,26,55,151,36,3
40,47,147,64,27,53,137,37,3
36,48,153,69,28,48,180,36,3
37,51,140,71,26,53,157,36,3
41,54,144,69,28,52,151,37,3
49,64,150,74,27,69,184,40,3
50,68,158,70,30,69,209,38,3
53,67,190,71,28,67,172,36,3
49,66,194,70,31,61,160,31,3
44,62,176,66,30,69,164,30,3
34,57,166,56,28,59,187,26,3
37,56,160,62,25,52,166,33,3
40,60,138,71,27,50,167,35,3
40,58,137,70,25,55,167,39,3
41,57,157,74,25,55,207,38,3
41,57,169,76,25,55,171,38,3
39,49,216,73,25,55,166,31,3
45,56,233,73,26,56,163,34,3
45,55,241,73,28,58,180,30,3
46,55,238,71,29,48,153,34,3
47,51,229,68,29,44,154,35,3
47,51,184,68,30,46,155,38,3
36,42,146,51,31,47,155,33,3
34,46,142,55,29,49,184,36,3
31,49,133,56,30,57,173,33,3
33,51,161,60,30,56,157,35,3
42,57,177,82,36,58,170,36,3
43,55,165,85,34,69,202,38,3
47,53,162,86,35,62,164,40,3
47,52,167,92,36,55,156,42,3
48,56,151,92,38,55,155,40,3
41,50,153,76,32,51,185,37,3
41,48,164,79,33,43,162,35,3
37,46,164,79,34,41,159,29,3
39,46,175,73,32,42,154,29,3
35,47,170,71,30,50,199,29,3
35,53,166,70,30,49,158,28,3
36,57,176,73,33,46,147,28,3
38,57,177,69,33,47,145,30,3
35,56,161,66,33,53,185,29,3
36,56,163,66,33,52,150,30,3
33,49,148,63,32,56,150,30,3
30,47,137,52,29,50,151,31,3
32,49,145,51,27,56,192,36,3
32,53,154,50,27,61,185,36,3
31,49,203,57,26,57,183,36,3
35,52,209,59,23,53,179,38,3
36,53,207,61,23,55,187,38,3
34,53,195,63,24,64,189,34,3
35,52,195,65,24,54,164,32,3
37,52,164,58,23,57,156,32,3
36,53,169,55,24,60,178,31,3
37,48,171,52,23,57,187,30,3
35,48,192,62,24,55,144,29,3
38,51,201,72,24,53,146,32,3
41,57,181,72,24,54,145,32,3
39,58,194,84,30,52,120,32,3
41,64,192,87,32,53,146,30,3
46,64,177,77,31,53,146,34,3
49,63,187,72,32,57,140,35,3
45,59,219,75,34,50,147,36,3
46,56,214,61,30,51,201,37,3
43,54,218,60,30,64,171,37,3
41,51,212,60,29,54,169,35,3
42,50,192,62,29,54,167,38,3
43,48,163,61,27,58,177,41,3
41,48,152,66,28,60,149,40,3
41,45,143,72,30,56,158,41,3
41,46,150,85,31,54,158,39,3
33,45,164,105,36,52,158,35,3
34,47,159,112,36,47,137,30,3
33,44,153,120,36,55,151,30,3
34,44,150,121,33,50,149,30,3
34,44,140,112,32,50,150,31,3
47,45,111,90,26,48,151,34,3
52,50,101,80,26,49,152,40,3
53,55,109,72,26,55,97,39,3
53,64,140,90,28,50,109,40,3
55,64,141,93,31,51,131,39,3
46,64,158,107,32,52,136,34,3
40,60,165,106,33,55,137,27,3
45,64,174,104,34,44,136,30,3
46,54,144,83,32,50,124,29,3
43,57,151,89,30,53,121,28,3
39,56,148,76,29,55,124,27,3
43,83,170,77,28,69,131,28,3
46,90,267,90,32,68,137,30,3
44,90,283,94,33,67,155,28,3
46,90,348,88,33,66,149,29,3
50,92,356,83,33,70,149,33,3
45,72,369,100,36,59,141,33,3
41,71,314,97,35,61,183,30,3
40,74,302,91,33,56,190,30,3
40,69,220,89,33,56,193,35,3
38,80,211,100,38,59,192,32,3
37,76,173,93,38,54,192,30,3
38,66,208,89,35,52,150,33,3
39,71,219,93,37,54,160,31,3
38,78,226,100,38,52,146,27,3
39,75,233,93,33,46,145,30,3
41,73,227,83,30,45,147,33,3
41,73,178,76,30,50,187,31,3
47,67,162,73,30,47,153,32,3
45,65,155,66,31,57,151,31,3
45,74,125,62,31,57,148,29,3
46,85,129,62,30,63,158,29,3
60,103,134,69,31,55,118,31,3
57,103,141,69,30,66,141,34,3
58,107,163,84,32,60,166,34,3
56,108,193,90,32,57,167,33,3
57,109,192,93,34,52,155,31,3
47,93,180,90,37,61,171,31,3
52,102,196,96,37,50,162,29,3
52,95,200,82,31,49,145,34,3
55,81,190,78,31,56,147,38,3
54,74,183,74,28,58,152,38,3
51,80,209,77,26,61,212,41,3
46,78,203,69,25,60,204,40,3
51,83,187,71,27,65,200,36,3
48,84,187,72,27,60,199,36,3
48,81,217,71,28,68,197,35,3
45,73,194,63,26,58,164,32,3
48,68,197,74,29,59,159,34,3
45,66,204,73,29,55,159,35,3
48,65,196,71,29,63,157,35,3
53,72,210,76,29,50,156,36,3
54,77,203,74,32,51,134,33,3
52,77,203,63,28,57,144,33,3
51,73,195,58,30,61,145,33,3
48,72,205,62,28,51,147,29,3
47,66,174,60,29,53,146,31,3
50,65,178,61,26,52,148,34,3
49,62,172,61,27,47,139,34,3
48,61,185,64,26,45,152,34,3
50,57,177,57,25,46,154,38,3
44,60,186,63,26,43,155,36,3
37,52,191,63,25,42,108,34,3
47,48,177,62,28,37,98,37,3
46,51,194,65,28,50,152,36,3
43,54,204,77,31,51,152,36,3
48,56,196,79,28,51,154,34,3
56,70,186,79,29,53,154,37,3
48,69,207,85,25,75,211,34,3
50,68,205,83,25,63,177,35,3
55,72,216,85,25,61,177,41,3
54,73,220,85,26,62,176,45,3
52,67,229,83,26,63,176,49,3
52,67,232,78,27,48,104,47,3
59,78,251,100,31,58,145,50,3
56,77,238,97,31,62,146,46,3
55,74,227,91,31,61,148,44,3
57,78,228,98,31,59,157,40,3
60,86,247,113,33,61,161,45,3
51,76,213,93,29,50,106,40,3
55,78,217,93,30,52,154,41,3
57,77,226,95,32,53,166,40,3
54,65,225,89,33,52,157,44,3
49,51,200,70,33,45,159,38,3
50,50,178,68,34,46,161,39,3
44,40,159,62,31,43,106,34,3
44,39,145,64,32,53,135,34,3
41,43,142,62,30,67,147,28,3
40,44,146,71,29,62,140,32,3
43,44,163,76,29,60,149,32,3
42,43,191,77,29,57,150,35,3
39,42,201,75,27,47,104,33,3
38,45,210,78,31,26,86,34,3
42,43,211,75,30,28,153,30,3
38,45,202,70,30,31,144,30,3
36,44,174,64,28,42,148,29,3
37,46,168,61,29,41,149,30,3
35,43,156,61,27,43,203,32,3
35,60,185,77,32,53,163,33,3
38,66,199,81,33,56,160,34,3
41,67,210,81,33,50,159,37,3
45,64,209,78,31,53,164,39,3
45,63,215,79,32,67,145,36,3
46,48,183,56,24,62,149,37,3
47,50,191,70,29,62,153,38,3
48,53,191,72,32,62,150,34,3
43,55,200,77,33,61,143,31,3
45,55,196,75,31,41,87,31,3
46,66,179,78,32,39,92,33,3
90,49,238,83,232,377,337,519,4
85,49,236,86,254,376,338,487,4
82,56,259,94,249,379,358,437,4
86,56,232,97,214,391,376,457,4
103,60,211,85,196,364,418,498,4
110,61,216,78,174,284,426,527,4
112,61,221,76,154,274,450,530,4
114,63,198,69,150,277,444,540,4
116,62,217,68,164,235,401,515,4
95,56,247,74,146,259,376,469,4
91,56,242,75,188,278,345,421,4
102,54,228,78,194,302,344,505,4
104,45,244,73,204,282,340,520,4
117,53,245,76,191,290,497,611,4
120,55,229,74,189,268,527,616,4
121,55,247,71,141,266,548,622,4
114,57,260,66,109,258,574,578,4
112,63,237,68,112,278,581,628,4
101,62,230,64,146,324,488,562,4
103,60,215,70,150,353,462,546,4
101,59,200,76,156,352,465,540,4
110,61,196,80,163,360,452,572,4
139,59,232,80,165,348,559,665,4
154,58,230,79,162,309,560,702,4
156,60,251,76,161,285,574,758,4
179,63,260,90,159,271,673,857,4
177,60,257,91,158,269,697,841,4
168,58,227,94,148,271,654,806,4
164,60,198,91,125,363,701,812,4
171,60,168,86,133,345,697,816,4
153,65,181,72,138,364,647,769,4
163,72,171,68,150,377,690,827,4
157,72,164,61,148,376,683,805,4
147,67,168,66,147,286,635,778,4
138,67,157,68,161,293,630,750,4
135,62,125,65,152,264,598,709,4
122,59,139,72,144,268,493,649,4
111,60,150,78,153,270,483,604,4
114,60,154,75,149,290,479,596,4
106,57,168,75,130,295,484,557,4
102,53,167,74,148,346,451,533,4
100,49,153,71,149,297,495,501,4
99,46,167,70,141,321,515,488,4
94,45,190,79,196,322,510,481,4
103,43,188,79,193,315,507,518,4
101,43,191,79,180,261,511,532,4
105,45,194,73,172,281,480,569,4
106,43,195,69,177,253,432,564,4
105,47,161,61,122,257,417,579,4
125,51,153,70,121,250,511,636,4
125,52,178,77,132,264,512,623,4
125,48,198,84,151,250,577,632,4
129,50,252,90,142,313,581,653,4
139,50,269,91,159,289,595,671,4
123,51,268,85,163,293,585,638,4
120,54,248,78,160,272,591,602,4
114,55,235,75,149,291,498,536,4
111,55,168,73,161,288,540,538,4
94,54,136,72,150,302,520,489,4
84,50,131,67,144,317,431,417,4
78,45,133,65,137,320,405,415,4
72,41,157,63,147,338,408,430,4
70,41,158,61,136,284,337,388,4
69,36,169,64,138,270,326,355,4
80,38,182,64,144,251,320,382,4
102,46,177,66,142,283,324,470,4
106,50,159,70,125,253,332,458,4
103,53,163,69,112,261,314,444,4
104,53,169,66,86,266,352,485,4
92,51,167,64,92,266,332,477,4
84,50,170,65,111,297,334,450,4
83,53,219,73,144,329,333,485,4
80,47,209,73,160,327,373,467,4
77,47,205,70,172,331,350,419,4
83,47,213,88,174,352,368,417,4
75,46,219,88,173,303,377,384,4
79,41,182,82,151,250,384,395,4
98,45,194,83,140,236,389,468,4
101,47,190,94,163,269,372,488,4
125,58,206,83,155,253,434,541,4
123,57,250,86,170,253,418,554,4
120,59,241,85,175,260,423,531,4
109,58,233,85,174,336,384,482,4
108,59,240,73,162,313,441,521,4
76,50,226,70,163,316,369,449,4
79,47,164,65,157,321,365,471,4
77,42,156,61,145,316,387,475,4
75,41,167,57,149,278,387,472,4
77,40,153,59,132,297,330,430,4
80,36,127,56,134,294,366,434,4
75,41,143,55,113,288,363,391,4
83,44,155,54,133,290,326,417,4
84,46,146,54,136,304,338,427,4
87,45,142,77,134,281,385,452,4
85,46,151,78,146,276,369,450,4
88,46,148,78,155,295,381,439,4
85,43,158,86,141,321,378,414,4
83,41,151,87,130,278,350,406,4
81,39,143,65,132,291,296,384,4
76,39,164,71,116,287,272,380,4
75,33,157,77,110,310,234,376,4
77,38,139,70,118,298,300,398,4
80,41,138,68,118,292,324,427,4
82,42,151,67,115,281,315,439,4
85,40,119,62,107,282,330,437,4
85,42,120,62,139,285,394,455,4
73,42,117,60,140,270,338,401,4
76,46,127,61,146,284,330,375,4
70,45,129,63,167,276,355,336,4
71,46,134,63,168,355,368,335,4
66,45,131,55,150,322,300,298,4
76,48,141,58,166,333,344,347,4
75,43,147,52,180,324,349,358,4
76,47,138,52,160,344,322,370,4
76,48,133,60,170,282,338,365,4
79,48,140,68,171,270,339,377,4
71,47,124,65,144,281,326,361,4
69,46,117,71,141,276,338,332,4
66,45,113,71,141,272,355,323,4
59,44,113,65,129,309,342,314,4
58,43,105,64,119,320,358,311,4
67,46,131,67,137,298,366,405,4
63,45,121,66,118,303,353,395,4
61,44,134,72,142,300,391,380,4
75,46,161,81,172,285,407,428,4
79,46,163,77,187,282,420,434,4
76,42,143,79,176,275,392,341,4
80,40,149,79,179,321,398,360,4
82,39,134,75,179,307,380,399,4
73,41,116,72,155,285,338,359,4
66,41,121,73,136,309,344,332,4
63,42,119,70,158,348,387,336,4
60,44,110,68,156,306,369,343,4
67,49,115,66,132,304,352,320,4
64,47,103,55,148,296,354,308,4
67,46,110,56,155,263,321,315,4
73,44,121,57,140,279,262,302,4
72,46,125,58,151,296,267,279,4
74,44,126,64,162,286,260,300,4
74,43,134,75,214,278,242,292,4
71,49,150,87,225,342,296,296,4
66,52,188,105,250,339,316,317,4
67,54,208,115,270,340,324,316,4
57,51,215,115,298,358,354,272,4
59,50,210,108,259,352,349,273,4
59,47,191,101,284,300,301,274,4
66,44,153,82,270,286,345,301,4
79,45,130,76,247,276,369,351,4
81,48,139,83,224,276,340,365,4
83,50,136,96,222,307,346,378,4
92,50,132,96,216,327,412,418,4
91,50,123,93,209,311,370,400,4
85,43,119,87,210,311,361,387,4
82,42,114,78,207,344,358,380,4
81,46,120,71,216,340,394,390,4
77,51,123,70,184,369,329,359,4
73,52,121,72,209,351,346,330,4
66,53,128,74,229,365,329,298,4
66,50,112,80,241,364,334,329,4
69,45,102,73,258,393,304,317,4
62,39,102,70,302,398,330,283,4
71,38,110,83,321,436,338,319,4
74,41,127,85,332,460,346,362,4
77,48,150,87,360,485,357,367,4
75,51,171,88,428,518,359,382,4
76,52,179,92,434,537,336,403,4
67,54,197,88,436,570,372,377,4
65,54,203,101,446,552,393,370,4
63,51,201,101,437,515,385,343,4
60,48,191,103,370,478,374,316,4
69,49,188,102,371,507,437,393,4
66,45,165,95,357,447,376,396,4
73,43,134,77,332,470,378,387,4
74,42,140,70,304,548,376,406,4
72,41,139,73,308,537,388,412,4
61,36,134,68,302,505,328,333,4
66,39,138,76,302,502,326,322,4
60,41,139,76,305,520,288,294,4
55,40,126,82,321,427,285,237,4
60,41,116,75,301,454,287,249,4
60,43,128,77,294,477,287,243,4
62,48,142,83,317,504,336,298,4
60,48,165,90,316,497,351,326,4
58,49,171,90,356,524,336,338,4
54,47,182,98,417,501,360,322,4
69,52,177,98,445,448,378,370,4
67,45,167,86,428,431,347,343,4
71,46,146,79,442,373,378,337,4
77,49,141,86,410,368,404,365,4
79,49,146,80,388,419,384,369,4
67,41,141,77,351,440,351,336,4
64,42,154,81,375,468,351,348,4
67,44,182,81,375,532,302,356,4
72,47,165,76,405,546,327,362,4
72,49,153,78,393,579,325,384,4
84,49,148,76,388,590,345,412,4
91,51,136,71,372,575,351,416,4
86,49,96,72,361,541,378,386,4
86,48,103,73,373,552,327,355,4
81,46,103,71,359,460,324,307,4
75,49,128,73,371,424,310,273,4
75,47,118,74,377,465,322,321,4
74,46,109,71,366,464,314,331,4
81,43,112,64,320,436,337,370,4
92,43,116,56,315,450,341,455,4
88,42,105,57,295,444,352,448,4
83,46,147,56,311,371,343,392,4
98,46,154,62,337,360,333,460,4
94,49,180,66,363,399,392,462,4
85,48,175,69,357,392,381,404,4
89,49,169,69,348,401,359,421,4
87,47,144,81,308,434,361,426,4
72,46,142,84,280,452,359,372,4
58,42,163,84,245,486,271,339,4
57,45,171,89,271,546,278,326,4
59,46,183,91,260,540,294,331,4
67,44,180,82,267,556,272,337,4
64,46,189,81,356,526,297,314,4
73,49,139,86,350,443,310,307,4
79,50,135,82,333,344,316,297,4
69,48,124,80,345,347,325,256,4
67,46,132,88,333,274,376,273,4
79,48,118,86,245,285,345,325,4
77,46,118,75,264,366,334,357,4
73,44,106,75,269,394,330,376,4
81,46,100,73,272,431,327,402,4
80,51,105,66,303,480,276,378,4
73,50,115,74,319,519,287,328,4
74,50,152,77,297,489,316,323,4
77,51,170,86,322,494,325,366,4
69,47,178,88,312,456,334,370,4
74,47,181,88,322,426,359,399,4
82,49,192,85,307,387,384,461,4
81,49,189,82,332,420,365,473,4
80,46,185,74,342,414,349,434,4
80,48,182,75,342,453,330,409,4
74,47,183,74,340,472,291,382,4
68,42,161,72,336,491,289,343,4
64,41,135,77,321,462,330,306,4
58,41,125,74,274,492,328,297,4
61,43,124,82,268,465,341,318,4
61,41,110,83,247,469,351,328,4
56,42,125,75,237,426,333,335,4
57,42,121,76,217,391,304,326,4
69,43,126,74,240,398,349,371,4
74,42,119,65,253,396,343,375,4
74,48,123,60,322,415,330,371,4
82,49,124,64,329,526,338,420,4
78,50,124,55,324,541,351,435,4
69,50,115,57,312,495,297,411,4
73,55,120,58,309,534,281,382,4
79,50,126,62,221,524,324,460,4
68,48,123,63,223,456,311,395,4
71,50,175,76,318,457,302,385,4
75,49,185,78,323,479,312,395,4
65,41,188,74,349,432,309,401,4
70,50,180,75,355,414,299,340,4
77,56,178,74,364,440,297,357,4
79,65,142,64,304,446,272,364,4
81,71,151,71,315,489,286,345,4
84,71,150,79,303,491,350,366,4
78,72,197,83,355,484,354,362,4
71,73,225,101,368,430,383,343,4
70,70,249,115,375,442,398,332,4
75,70,239,116,382,434,402,345,4
82,70,244,113,372,419,369,369,4
80,66,215,112,311,402,348,348,4
85,59,181,98,284,468,330,395,4
91,57,193,99,283,516,315,419,4
86,54,203,98,304,498,349,413,4
86,54,198,97,295,514,345,409,4
88,54,193,99,348,593,381,424,4
83,58,204,101,355,568,376,363,4
77,50,150,82,349,505,397,355,4
82,45,155,82,320,511,365,339,4
72,44,161,78,341,509,364,304,4
67,42,158,74,335,409,376,303,4
69,37,156,79,339,367,382,311,4
72,40,161,77,364,403,384,306,4
59,45,156,72,352,347,378,308,4
67,50,149,85,328,349,398,307,4
70,53,184,89,285,375,401,354,4
75,52,180,82,276,382,383,381,4
71,50,181,87,211,339,374,359,4
78,52,189,90,199,380,411,376,4
70,47,198,80,280,381,398,366,4
71,43,168,75,271,470,349,316,4
68,45,169,74,296,486,336,331,4
74,49,160,80,325,494,349,373,4
76,44,148,72,340,507,363,430,4
85,46,154,72,273,481,350,450,4
84,43,153,72,288,382,343,446,4
94,46,151,69,285,382,421,500,4
93,43,157,65,291,393,441,507,4
88,44,145,72,283,378,411,448,4
89,41,140,79,315,408,414,486,4
95,48,140,80,368,459,462,519,4
89,47,136,82,369,447,404,438,4
101,47,138,78,378,452,380,501,4
99,44,154,82,383,424,377,501,4
97,47,176,78,358,438,358,461,4
98,45,188,83,299,380,332,438,4
96,44,184,83,311,411,368,446,4
83,45,188,86,291,426,351,340,4
87,49,180,87,281,439,331,362,4
89,49,148,87,306,464,379,356,4
84,48,155,92,329,474,364,348,4
83,48,164,91,275,452,319,330,4
78,47,153,92,259,405,315,316,4
78,45,147,91,250,396,331,346,4
77,44,174,92,208,319,312,376,4
75,41,163,85,243,327,310,369,4
83,45,167,83,251,320,435,418,4
87,47,168,78,249,385,438,457,4
81,48,208,76,249,406,418,439,4
78,48,183,74,267,424,414,415,4
77,48,178,72,191,399,407,427,4
76,50,196,79,202,459,307,415,4
73,47,201,77,210,411,327,383,4
74,44,166,76,213,380,370,361,4
73,42,158,77,246,373,381,370,4
76,43,149,76,259,379,380,426,4
66,43,137,77,259,297,381,385,4
64,44,140,77,267,296,367,368,4
73,45,145,71,261,297,391,483,4
71,52,184,68,235,301,376,480,4
63,50,207,76,241,370,379,417,4
66,42,190,68,255,377,347,429,4
69,42,193,69,243,426,362,454,4
59,43,200,77,259,442,362,345,4
72,42,174,76,252,497,361,345,4
76,42,156,73,286,457,350,340,4
82,51,170,77,271,467,436,484,4
86,53,158,75,295,454,453,511,4
91,54,139,73,325,471,432,520,4
87,56,153,76,328,436,435,515,4
91,59,161,76,291,468,440,513,4
87,54,144,72,291,451,364,418,4
91,57,162,76,294,424,306,389,4
84,56,195,69,253,399,293,372,4
76,51,175,71,258,353,271,365,4
68,49,159,70,257,318,277,370,4
64,47,167,73,274,306,285,331,4
51,42,161,77,236,289,326,287,4
62,40,129,79,305,285,312,298,4
60,38,137,73,290,301,339,299,4
59,33,133,65,292,280,344,306,4
72,37,132,61,269,304,400,372,4
69,35,119,47,268,310,384,375,4
64,38,110,55,177,306,376,383,4
71,40,99,63,195,353,351,375,4
72,43,131,68,176,356,348,365,4
87,46,148,76,214,356,388,407,4
97,49,154,82,231,366,399,429,4
97,50,194,81,255,382,396,402,4
101,55,212,80,243,335,408,417,4
100,52,200,79,255,344,406,429,4
78,48,198,73,244,330,294,336,4
66,44,208,81,263,324,295,306,4
71,47,182,79,244,304,309,303,4
59,49,219,107,252,349,301,315,4
66,53,215,115,255,352,341,357,4
74,57,203,118,256,334,390,382,4
86,60,208,113,230,334,391,399,4
89,56,236,111,234,359,394,469,4
95,50,198,81,251,347,411,464,4
91,47,202,73,249,420,423,436,4
85,44,207,72,242,426,398,408,4
75,41,187,71,235,442,397,405,4
64,40,133,69,222,411,389,319,4
59,39,147,81,210,408,371,305,4
66,43,142,80,198,339,338,307,4
62,40,133,76,222,378,319,334,4
63,38,148,71,228,350,366,346,4
68,43,192,81,265,398,397,370,4
68,44,171,65,261,369,393,373,4
59,41,196,69,287,359,392,369,4
61,41,197,75,258,323,391,340,4
60,41,201,79,254,322,327,326,4
59,41,181,70,226,278,289,300,4
59,41,215,79,274,285,328,310,4
66,44,197,75,246,261,308,286,4
67,45,199,72,249,269,286,285,4
63,47,196,68,248,292,275,260,4
62,43,199,73,263,312,323,275,4
62,46,176,72,213,345,327,311,4
55,42,178,69,228,372,325,335,4
51,45,175,67,224,364,341,323,4
66,45,167,68,218,352,367,368,4
66,48,144,66,197,337,339,366,4
71,44,122,58,169,296,338,371,4
77,45,117,58,173,288,364,388,4
79,43,138,66,168,303,354,386,4
72,42,144,67,176,324,347,365,4
74,39,152,69,215,315,319,376,4
69,43,163,73,249,311,288,327,4
60,45,175,76,223,298,285,290,4
62,48,163,72,223,293,286,305,4
60,50,173,78,234,296,269,300,4
64,48,164,77,223,325,295,295,4
63,44,176,81,209,373,282,329,4
65,42,174,88,214,368,257,317,4
68,39,176,90,221,378,269,357,4
68,38,164,83,221,354,300,347,4
63,39,160,85,215,341,333,358,4
71,40,146,79,226,300,333,338,4
73,41,138,77,222,288,352,392,4
74,41,172,81,243,295,357,354,4
83,42,168,85,253,297,346,436,4
82,42,175,85,241,283,308,440,4
80,43,179,86,227,267,307,431,4
78,43,179,78,229,288,275,389,4
75,43,162,75,224,343,293,410,4
72,42,159,73,208,347,332,368,4
72,42,170,70,218,348,327,356,4
70,44,161,74,203,353,361,372,4
72,46,155,75,219,350,369,394,4
79,44,158,79,209,260,347,385,4
73,46,173,77,205,258,320,379,4
76,45,170,74,202,279,334,388,4
73,41,168,67,233,293,298,384,4
69,39,166,71,221,277,310,363,4
60,39,142,68,220,312,306,337,4
54,35,131,66,235,298,286,300,4
46,36,130,69,224,290,277,260,4
64,35,127,76,233,284,288,307,4
68,38,126,74,248,267,286,314,4
68,39,132,64,240,250,300,318,4
67,40,153,68,234,258,336,307,4
69,41,135,64,238,288,338,330,4
52,42,146,57,207,306,333,268,4
55,42,142,54,221,336,381,265,4
55,41,134,54,221,315,382,274,4
61,40,111,54,200,315,345,285,4
63,36,120,61,200,328,393,258,4
69,36,109,64,282,313,386,246,4
81,36,110,63,282,302,340,348,4
83,36,139,66,298,323,320,357,4
84,38,158,66,318,324,315,390,4
84,38,164,63,309,272,240,409,4
95,51,199,73,246,287,286,464,4
82,51,210,79,226,291,285,381,4
79,52,207,83,212,283,286,360,4
74,53,190,84,181,324,287,318,4
77,53,186,87,199,335,298,326,4
66,43,159,78,213,351,296,277,4
64,40,148,72,225,340,288,281,4
67,41,158,67,222,348,290,299,4
71,39,159,63,225,303,285,304,4
65,40,157,58,229,285,267,304,4
61,38,157,59,223,237,205,289,4
61,39,162,62,196,247,181,285,4
71,42,156,65,214,236,173,325,4
73,42,163,67,234,257,234,337,4
79,44,186,76,230,276,239,329,4
79,47,183,77,217,290,250,358,4
83,45,177,79,223,300,308,398,4
75,43,156,77,213,287,317,370,4
71,46,150,74,218,267,288,381,4
65,43,108,61,212,276,285,373,4
68,42,93,57,211,272,304,339,4
64,41,124,52,204,269,237,287,4
60,37,127,49,182,269,210,258,4
54,33,121,49,148,266,184,207,4
66,38,127,67,158,310,172,233,4
69,39,159,69,179,304,171,282,4
69,44,148,77,205,308,187,295,4
78,45,208,87,212,352,213,306,4
79,45,233,89,211,368,226,323,4
73,45,232,79,257,314,312,307,4
72,41,216,81,231,361,311,293,4
76,39,221,87,222,370,338,302,4
70,37,173,79,223,328,322,318,4
79,39,154,79,227,312,320,309,4
76,37,172,79,159,339,249,292,4
72,42,198,77,178,299,259,258,4
67,40,186,72,165,259,235,238,4
63,42,179,72,163,281,258,228,4
54,39,168,73,174,317,289,226,4
54,40,164,71,186,285,313,233,4
49,36,126,76,170,284,285,224,4
47,36,121,71,182,311,288,225,4
55,39,115,69,208,324,275,269,4
61,40,122,71,199,293,286,314,4
59,39,101,73,203,290,258,356,4
62,41,109,81,223,339,265,379,4
63,39,109,75,215,319,283,380,4
53,34,105,73,187,291,282,333,4
49,39,142,78,178,306,247,279,4
49,39,146,75,162,299,247,225,4
47,43,169,68,137,220,253,202,4
46,44,182,72,182,249,211,189,4
49,45,186,78,219,266,218,213,4
52,38,150,71,224,256,216,240,4
55,37,147,74,221,302,201,235,4
53,33,127,74,269,356,185,222,4
63,39,113,80,276,452,210,266,4
64,40,119,80,253,455,207,256,4
250,746,760,252,103,65,68,102,5
243,787,784,268,106,65,66,92,5
247,733,833,268,107,65,66,92,5
248,712,879,285,110,65,64,88,5
229,679,955,283,98,55,54,80,5
210,552,994,280,99,55,50,73,5
206,545,1014,290,99,56,54,72,5
188,565,1083,284,95,54,52,69,5
211,611,1064,254,77,46,48,69,5
215,618,983,236,79,51,56,76,5
218,619,942,236,77,52,58,77,5
234,622,888,235,79,50,57,80,5
237,605,779,253,87,53,55,80,5
207,627,815,262,97,60,58,77,5
214,635,870,279,100,59,55,75,5
210,685,819,284,113,64,56,75,5
187,661,822,268,110,63,52,70,5
229,690,781,254,114,68,58,78,5
233,696,731,248,111,66,58,84,5
320,743,692,219,102,65,65,105,5
335,714,707,195,89,60,63,108,5
340,701,772,187,90,63,64,109,5
312,679,738,203,82,55,59,102,5
307,626,738,200,82,51,55,92,5
211,586,751,214,82,47,47,67,5
180,584,837,211,78,45,47,59,5
192,626,799,212,72,41,44,58,5
200,641,828,187,66,40,45,63,5
194,668,833,190,62,40,43,63,5
218,656,814,194,64,42,44,66,5
235,634,759,182,61,40,45,70,5
228,613,768,202,68,44,49,73,5
250,576,795,211,70,44,49,74,5
267,609,797,228,73,43,49,73,5
238,584,828,228,73,40,48,66,5
239,587,793,224,75,44,53,67,5
235,588,784,211,67,40,50,63,5
203,593,762,210,73,46,52,63,5
174,542,683,183,67,44,53,63,5
181,529,688,188,74,51,53,66,5
170,515,746,209,75,49,47,61,5
190,526,720,192,75,49,48,65,5
179,505,730,180,70,48,49,64,5
186,438,729,187,69,48,47,63,5
184,439,688,172,63,44,47,62,5
165,421,592,159,61,43,45,59,5
139,364,546,167,64,46,44,58,5
156,437,557,196,71,45,42,57,5
146,440,623,196,74,47,42,57,5
147,452,719,204,70,44,41,56,5
147,483,785,211,72,44,41,55,5
154,490,803,211,71,44,44,59,5
141,470,771,189,63,40,39,55,5
141,471,750,179,58,40,38,55,5
144,465,654,154,56,38,40,53,5
148,462,569,132,52,38,42,57,5
146,470,588,124,48,35,39,50,5
162,488,651,118,47,36,46,57,5
167,536,623,111,48,35,47,57,5
162,524,586,110,48,36,45,63,5
160,542,619,109,49,36,44,60,5
152,520,589,116,51,33,42,61,5
127,452,499,111,52,31,35,52,5
127,429,526,128,54,32,34,54,5
120,432,617,155,64,37,43,49,5
130,392,642,163,65,41,103,51,5
150,432,689,164,64,44,111,57,5
153,463,709,173,64,46,115,63,5
160,432,694,161,62,47,115,66,5
166,422,604,133,55,45,113,64,5
163,431,589,126,52,41,63,63,5
151,403,532,128,54,39,49,60,5
171,432,529,136,55,40,46,59,5
162,431,623,143,57,37,46,53,5
154,445,809,181,73,42,48,56,5
173,503,915,213,83,48,52,61,5
182,490,950,221,91,53,54,66,5
184,468,982,242,92,52,53,67,5
232,592,1089,364,131,70,62,80,5
263,683,1088,389,134,70,63,83,5
305,667,1035,411,136,69,59,83,5
309,702,1006,428,136,73,64,81,5
305,719,1020,426,138,74,64,79,5
286,680,913,374,114,63,61,79,5
277,638,807,338,105,63,61,76,5
235,603,821,298,101,64,60,73,5
231,586,933,284,102,58,59,73,5
225,590,903,276,102,58,58,73,5
211,539,893,230,88,54,52,60,5
202,496,908,237,84,50,50,61,5
184,543,945,246,91,53,52,64,5
180,567,874,233,88,51,49,64,5
179,582,884,249,94,53,50,63,5
213,701,926,270,100,58,59,77,5
231,725,971,269,100,58,58,74,5
323,795,882,254,87,52,58,87,5
325,777,868,284,89,53,61,89,5
327,742,889,273,82,50,59,88,5
309,623,860,257,88,51,53,78,5
288,575,781,260,98,53,57,79,5
195,488,850,286,106,55,56,65,5
195,525,879,272,101,52,50,58,5
195,518,826,265,102,56,54,67,5
186,510,779,255,93,52,50,66,5
187,528,783,238,80,49,45,65,5
179,499,727,206,70,47,42,59,5
162,430,734,185,71,48,43,61,5
171,530,777,184,71,45,40,62,5
167,549,752,163,67,42,38,62,5
159,517,722,157,67,40,38,59,5
149,483,681,160,67,39,37,60,5
161,485,607,143,62,38,38,59,5
138,349,577,123,49,31,33,47,5
145,319,548,122,46,33,34,47,5
148,380,597,139,54,36,32,46,5
142,439,606,136,52,34,31,44,5
127,450,638,147,53,34,30,43,5
126,456,641,144,54,35,30,43,5
116,462,623,160,62,36,33,42,5
140,450,647,157,56,33,39,49,5
142,398,675,166,57,37,42,55,5
148,375,787,168,56,38,41,54,5
177,433,826,194,67,44,49,59,5
188,441,846,182,64,46,52,67,5
201,512,846,208,73,50,53,70,5
221,526,837,206,80,54,55,70,5
249,571,733,210,85,56,59,75,5
248,608,886,258,95,56,55,73,5
258,622,976,336,114,64,57,74,5
338,592,1049,328,111,66,64,92,5
348,599,1132,347,115,69,68,104,5
377,635,1227,368,122,73,74,115,5
398,667,1221,337,111,72,78,120,5
408,661,1175,281,101,72,85,127,5
339,654,1129,285,103,69,78,113,5
329,660,1082,256,94,63,73,101,5
296,658,1028,224,80,55,64,89,5
256,577,925,222,85,56,59,82,5
224,576,916,195,72,45,41,65,5
207,577,928,188,72,48,43,61,5
189,572,933,215,79,52,47,60,5
153,526,874,203,78,52,47,53,5
148,538,821,185,77,50,48,53,5
140,524,789,191,79,47,45,46,5
164,513,682,178,75,42,45,52,5
167,527,738,146,69,36,38,46,5
171,530,720,143,71,35,36,51,5
174,527,746,166,80,39,37,52,5
200,540,828,162,81,41,39,58,5
196,539,903,179,85,45,41,57,5
188,508,923,219,88,46,44,62,5
233,594,942,276,97,55,53,77,5
257,573,915,287,111,66,63,90,5
248,599,845,286,108,66,66,92,5
253,606,943,315,115,66,65,93,5
269,645,910,316,117,69,69,95,5
233,600,1003,312,125,73,70,89,5
212,601,1017,358,123,65,61,81,5
231,613,1077,410,142,72,63,86,5
240,620,972,401,144,76,66,90,5
225,625,962,423,152,78,65,85,5
237,631,874,397,145,73,65,84,5
284,721,858,378,142,75,71,94,5
275,674,849,324,122,67,66,86,5
266,643,852,307,111,61,63,78,5
282,657,858,263,92,54,62,83,5
266,677,837,273,85,50,56,76,5
212,621,830,220,67,41,46,59,5
214,639,778,232,76,47,50,66,5
213,634,807,295,102,58,57,74,5
193,566,787,282,104,57,53,69,5
206,517,765,280,115,63,58,74,5
217,512,764,278,116,64,59,74,5
202,523,827,279,112,62,58,69,5
193,532,793,208,93,56,51,61,5
203,594,795,222,96,61,52,65,5
187,564,793,202,77,54,43,59,5
183,552,770,211,82,55,47,64,5
194,540,772,185,76,53,46,66,5
196,548,784,171,72,49,46,65,5
212,526,791,147,65,43,47,71,5
223,543,792,157,70,45,48,70,5
210,496,833,144,56,41,39,62,5
211,572,832,151,60,42,39,63,5
214,552,829,153,67,48,45,68,5
214,575,745,169,79,59,55,73,5
205,567,756,166,78,59,56,75,5
210,557,736,163,79,58,58,78,5
191,474,641,149,74,54,55,72,5
175,511,589,172,67,47,48,65,5
149,468,588,159,53,31,33,47,5
149,467,591,164,61,33,38,49,5
164,542,613,167,67,38,41,52,5
195,565,619,177,72,45,45,63,5
192,527,601,160,71,46,45,63,5
189,515,661,159,68,45,46,64,5
183,511,634,150,58,40,40,60,5
165,474,603,138,51,37,35,54,5
144,420,595,130,46,31,34,46,5
157,422,590,122,49,37,37,52,5
143,399,522,121,58,44,40,56,5
144,355,567,114,57,44,40,56,5
141,297,537,109,57,42,40,57,5
128,311,554,115,60,40,39,55,5
113,306,580,118,56,36,37,49,5
117,308,565,116,49,28,34,45,5
112,321,550,119,51,30,35,48,5
111,365,623,138,60,38,40,50,5
125,360,661,133,57,39,41,55,5
153,392,657,149,59,37,41,59,5
152,426,672,154,62,39,41,57,5
166,428,691,183,75,44,41,56,5
177,471,721,172,69,40,42,58,5
174,509,732,193,73,40,39,57,5
177,503,763,213,80,43,40,53,5
197,512,845,228,81,41,39,55,5
248,606,845,207,76,43,47,71,5
280,644,905,290,86,54,58,86,5
296,679,919,291,105,65,69,98,5
296,719,970,325,112,67,73,102,5
289,724,970,328,110,67,76,106,5
267,716,1033,365,115,67,72,101,5
235,671,972,337,116,63,64,89,5
227,679,976,363,113,62,61,85,5
219,640,1010,323,113,63,59,80,5
220,597,956,319,116,67,58,80,5
183,534,879,290,111,64,54,72,5
186,533,955,265,105,61,51,73,5
167,439,945,230,94,56,44,62,5
176,511,859,220,85,53,44,65,5
179,547,889,219,83,49,45,64,5
186,538,935,240,84,50,49,68,5
173,478,845,245,82,50,48,59,5
183,509,874,230,75,46,45,59,5
160,436,920,226,68,43,45,56,5
144,419,860,208,62,40,40,51,5
145,399,782,159,55,39,39,49,5
138,487,793,121,48,34,41,49,5
124,462,758,122,48,38,41,48,5
138,473,682,152,55,38,40,47,5
142,452,704,148,56,38,39,47,5
134,450,727,152,54,37,35,49,5
156,437,686,171,59,40,38,55,5
175,521,713,173,59,35,36,56,5
160,511,692,147,49,32,34,55,5
175,532,686,165,56,34,37,58,5
175,532,670,160,57,34,37,56,5
166,525,659,143,56,33,36,56,5
145,437,550,160,63,36,36,53,5
147,409,504,158,64,38,38,53,5
143,410,577,175,66,42,36,54,5
180,454,639,175,64,40,38,59,5
172,386,637,175,59,36,33,50,5
198,406,607,152,55,37,36,54,5
242,460,627,151,56,39,39,69,5
248,435,632,120,45,33,42,68,5
223,427,600,123,49,35,41,64,5
231,461,632,185,61,37,42,65,5
245,522,730,181,57,36,42,69,5
250,535,788,192,62,38,43,65,5
242,569,812,204,72,42,44,65,5
241,547,868,214,74,42,44,67,5
241,532,855,163,66,41,43,66,5
221,505,805,164,64,41,44,67,5
179,473,751,170,69,45,46,62,5
186,433,687,160,58,41,43,61,5
205,534,613,152,55,41,47,65,5
203,538,610,151,52,40,49,69,5
200,510,642,148,53,41,47,63,5
188,492,723,152,48,36,41,57,5
177,500,692,141,49,35,39,55,5
157,415,667,128,48,35,37,50,5
154,451,635,133,51,37,35,47,5
141,440,573,152,57,36,34,46,5
171,542,531,133,49,33,35,50,5
215,643,658,151,57,38,36,53,5
258,675,685,167,63,40,41,64,5
325,718,691,169,66,42,49,80,5
350,838,734,162,64,41,50,82,5
389,941,811,167,67,40,49,84,5
385,900,745,189,73,41,54,86,5
431,903,789,192,78,47,62,102,5
415,915,890,233,92,55,67,105,5
473,883,938,279,103,66,75,115,5
451,808,845,290,113,72,81,120,5
462,872,877,275,111,73,81,126,5
434,891,831,290,114,73,78,116,5
409,875,782,286,109,68,70,105,5
338,845,755,239,98,60,63,95,5
329,829,778,224,87,56,57,91,5
330,772,727,223,82,54,58,91,5
292,735,792,201,77,51,55,83,5
345,741,772,174,67,54,65,98,5
336,689,747,178,66,54,66,99,5
333,617,734,182,69,53,66,97,5
368,730,750,207,74,53,69,111,5
370,760,812,267,92,58,69,111,5
318,713,824,258,91,54,61,99,5
340,801,849,284,104,61,65,101,5
347,850,822,288,107,63,67,102,5
294,794,840,285,106,62,65,83,5
314,846,710,234,90,54,63,87,5
330,866,675,229,91,52,59,87,5
312,816,667,209,78,44,55,84,5
298,784,764,216,85,49,54,81,5
278,730,814,227,93,53,52,78,5
241,670,839,293,122,66,60,72,5
237,631,852,298,127,71,66,75,5
213,660,890,365,148,77,70,74,5
217,686,876,387,152,76,69,71,5
227,658,812,370,145,71,66,70,5
221,616,813,315,118,59,56,65,5
207,640,786,309,111,54,53,63,5
213,591,705,209,78,43,44,56,5
200,586,696,155,62,39,42,56,5
182,615,653,183,77,48,45,59,5
182,589,651,196,79,48,43,59,5
180,606,685,199,78,46,41,56,5
170,582,667,207,80,46,40,56,5
167,547,628,194,73,43,40,54,5
178,542,668,186,61,34,38,51,5
185,604,614,184,62,37,39,55,5
172,551,614,183,63,40,40,54,5
175,564,597,170,59,39,40,56,5
182,551,550,171,61,38,40,61,5
173,530,525,146,60,39,40,59,5
162,470,621,130,58,37,43,58,5
164,474,650,138,64,39,45,57,5
176,498,676,151,66,39,46,58,5
164,482,762,154,68,41,47,56,5
165,504,792,142,67,42,47,61,5
176,523,748,186,77,48,51,65,5
195,537,698,187,74,46,49,68,5
218,525,677,197,82,54,55,75,5
224,494,618,212,91,58,58,77,5
234,562,592,209,87,55,59,75,5
228,569,663,176,76,51,57,71,5
214,538,691,166,77,52,57,69,5
192,534,861,178,78,48,53,65,5
183,541,902,192,79,46,49,60,5
196,497,923,204,84,49,51,69,5
223,490,903,199,83,46,48,75,5
236,505,952,213,82,45,48,77,5
236,535,821,200,75,41,50,76,5
236,536,759,163,61,38,48,74,5
205,468,774,169,66,39,46,62,5
211,542,734,182,71,42,48,61,5
229,597,641,179,74,42,52,65,5
218,546,706,180,75,46,50,64,5
245,584,750,225,90,50,53,72,5
248,594,677,216,82,47,53,77,5
252,511,638,216,86,49,54,79,5
228,542,600,205,81,47,48,81,5
227,539,555,209,83,44,50,77,5
227,496,603,182,69,42,47,73,5
233,535,639,205,74,42,46,72,5
213,533,693,191,70,40,43,69,5
202,477,719,201,76,42,45,65,5
202,528,719,179,68,40,41,65,5
175,548,764,174,65,36,39,62,5
173,508,741,138,58,36,40,63,5
153,499,721,138,52,33,37,58,5
160,463,718,148,48,28,35,55,5
172,408,670,163,60,37,44,58,5
168,389,585,152,62,36,44,59,5
163,373,574,168,69,38,44,54,5
156,356,545,165,71,40,44,54,5
159,354,593,153,67,41,45,55,5
148,334,639,139,60,35,38,51,5
150,309,585,141,65,41,42,54,5
143,309,588,120,57,38,38,59,5
153,317,596,121,57,36,39,61,5
145,314,514,103,54,36,39,61,5
139,329,489,96,50,36,38,59,5
145,360,508,86,39,29,34,59,5
153,382,571,93,37,30,38,58,5
148,399,585,101,34,30,37,55,5
161,459,617,119,38,31,35,52,5
156,457,583,120,40,34,35,55,5
150,485,539,118,38,33,35,54,5
143,481,478,117,43,33,34,47,5
135,460,437,107,40,32,32,45,5
125,403,404,97,40,32,34,44,5
144,453,490,111,45,34,35,44,5
147,492,497,112,49,35,36,44,5
153,492,512,122,47,35,36,51,5
167,502,546,131,53,34,38,55,5
164,506,547,126,52,32,35,53,5
152,448,486,125,50,33,34,51,5
149,361,501,130,47,30,33,51,5
142,361,461,116,46,29,30,47,5
140,383,440,105,43,31,30,43,5
137,402,479,111,46,30,28,44,5
139,435,545,111,46,27,30,49,5
156,441,509,109,47,28,28,51,5
156,443,534,117,47,30,30,49,5
154,442,550,122,45,28,29,52,5
163,421,509,119,42,28,31,54,5
174,415,457,109,40,27,34,55,5
154,419,455,112,41,26,35,52,5
163,421,482,122,44,30,38,59,5
176,409,487,139,57,36,43,65,5
169,412,553,133,57,38,44,65,5
159,403,531,157,60,40,42,62,5
196,506,594,170,64,43,48,70,5
195,485,592,167,62,40,45,65,5
226,546,727,165,54,35,41,61,5
223,552,709,176,55,35,41,72,5
223,563,712,163,54,32,41,75,5
193,446,698,147,47,31,36,66,5
193,502,674,154,54,33,38,71,5
144,441,571,159,61,35,36,65,5
164,470,553,153,61,36,35,54,5
177,467,563,163,60,35,36,50,5
194,495,591,166,63,35,36,51,5
201,521,662,165,58,37,39,48,5
225,538,601,160,56,40,43,55,5
215,520,636,178,60,42,44,56,5
231,533,659,164,60,42,46,57,5
227,569,644,154,59,39,45,56,5
222,541,614,142,61,40,46,57,5
239,534,686,150,62,41,44,58,5
249,516,627,127,59,41,45,61,5
224,509,596,129,61,42,44,61,5
224,486,586,132,62,43,44,64,5
217,467,629,153,64,40,38,59,5
163,466,529,136,63,40,41,58,5
185,482,531,135,63,38,41,56,5
191,451,548,133,61,37,43,58,5
179,399,580,143,59,37,43,57,5
202,410,567,119,55,38,44,60,5
207,388,594,128,49,33,44,57,5
173,366,631,135,46,35,42,56,5
175,365,697,169,51,34,40,53,5
178,445,734,159,50,35,40,56,5
148,440,694,157,49,34,40,60,5
145,455,722,159,53,36,41,67,5
135,444,709,152,52,34,37,62,5
118,432,627,113,47,33,35,60,5
140,377,508,115,47,35,38,67,5
153,352,559,122,45,36,37,62,5
145,326,575,98,37,32,33,51,5
160,378,630,104,37,32,37,60,5
157,406,655,115,37,32,37,60,5
134,388,690,114,37,28,33,47,5
128,368,669,105,38,27,35,47,5
182,453,655,125,43,32,33,57,5
188,424,600,123,43,31,31,52,5
194,431,578,114,44,32,33,55,5
205,498,552,121,47,32,31,55,5
211,531,506,121,47,32,30,57,5
167,463,438,104,46,27,29,48,5
154,489,499,103,46,29,27,44,5
158,475,527,101,44,27,25,42,5
158,402,563,100,41,26,30,47,5
142,366,531,97,40,27,28,43,5
142,401,550,105,35,27,32,45,5
131,373,520,116,36,23,31,41,5
124,371,501,119,39,24,32,41,5
106,385,478,112,38,25,28,37,5
104,389,519,113,39,23,29,34,5
110,339,515,122,43,27,26,33,5
120,349,488,111,43,30,29,39,5
110,342,444,119,46,31,27,38,5
111,319,451,122,45,30,30,39,5
118,311,427,119,44,30,29,40,5
122,317,457,106,40,28,28,41,5
124,343,469,107,37,26,26,37,5
129,344,516,91,34,27,26,37,5
149,397,559,107,38,29,26,44,5
158,405,601,126,43,32,29,52,5
159,410,616,129,49,33,35,61,5
190,473,654,159,58,37,40,67,5
199,487,654,171,62,38,42,68,5
194,487,633,170,63,38,42,66,5
200,533,676,189,69,41,46,67,5
207,554,754,205,74,47,46,64,5
190,527,718,195,69,45,45,64,5
187,527,750,200,69,43,44,63,5
200,535,807,198,69,42,44,63,5
210,501,805,169,64,43,41,61,5
240,585,726,182,72,45,43,60,5
245,561,753,183,77,49,46,63,5
248,552,714,175,76,51,47,65,5
287,607,679,183,80,58,55,80,5
285,596,736,196,82,58,56,83,5
266,560,743,168,68,51,54,83,5
264,590,841,158,62,46,50,77,5
273,631,872,149,61,46,51,80,5
231,583,836,140,60,41,45,67,5
220,576,822,154,54,38,40,63,5
225,612,894,183,62,42,40,65,5
219,572,817,185,60,42,40,66,5
203,580,829,183,58,39,38,62,5
187,586,843,186,59,38,37,57,5
215,648,755,169,62,38,42,60,5
195,550,658,144,56,36,42,53,5
213,575,612,137,59,39,48,60,5
