Channel_1,Channel_2,Channel_3,Channel_4,Channel_5,Channel_6,Channel_7,Channel_8,Output
34,39,91,191,368,140,185,54,0
37,42,91,198,371,146,190,56,0
37,40,77,182,348,148,195,52,0
35,37,81,219,367,143,199,49,0
34,37,79,231,330,133,175,49,0
33,37,78,226,264,116,143,45,0
30,34,84,246,235,107,141,41,0
29,37,96,255,267,102,148,35,0
30,45,110,242,276,104,146,33,0
29,46,112,228,272,104,142,33,0
27,44,112,275,321,100,158,32,0
29,46,112,314,332,101,165,39,0
28,46,111,338,312,99,158,39,0
27,39,105,346,280,93,156,39,0
31,48,125,378,298,132,159,39,0
32,50,120,329,242,126,148,45,0
29,47,119,282,256,130,145,42,0
32,49,123,269,269,144,175,43,0
31,50,121,271,321,168,175,43,0
27,43,102,239,311,143,181,41,0
26,45,115,300,346,142,166,36,0
26,45,121,296,350,139,222,35,0
24,45,122,283,355,130,207,33,0
25,43,118,269,320,97,207,36,0
27,39,116,256,342,95,197,37,0
28,36,107,201,300,106,207,34,0
27,37,97,186,309,118,159,33,0
27,35,90,203,306,114,144,33,0
27,39,94,201,289,124,147,31,0
23,39,96,215,327,121,169,29,0
22,36,91,198,422,133,159,32,0
23,36,87,208,407,116,128,34,0
26,38,77,229,408,120,133,34,0
24,35,67,219,412,111,132,34,0
28,34,66,258,488,111,141,40,0
32,37,71,264,416,91,159,40,0
33,40,83,271,428,109,171,37,0
33,36,83,239,415,112,168,38,0
34,37,85,250,424,110,174,37,0
32,37,83,196,281,114,156,30,0
31,36,88,189,260,118,139,31,0
31,37,80,210,225,108,120,36,0
28,37,80,225,237,96,141,33,0
28,36,78,207,198,97,125,35,0
28,36,87,233,173,92,132,40,0
26,39,82,234,176,85,130,39,0
23,34,85,292,191,79,141,34,0
24,36,84,276,192,88,128,35,0
22,37,83,283,226,98,134,34,0
22,37,78,281,230,102,119,36,0
25,36,84,294,235,92,125,39,0
28,39,81,234,234,94,111,40,0
29,44,91,228,252,118,114,41,0
31,47,98,228,255,130,132,41,0
30,46,95,211,284,144,139,37,0
31,53,101,205,286,164,134,37,0
31,53,110,178,304,171,137,37,0
32,50,110,222,342,157,135,36,0
32,45,101,210,367,152,122,35,0
32,48,117,252,355,136,121,36,0
30,40,109,239,393,118,117,35,0
32,39,98,232,404,114,178,38,0
28,36,94,226,427,122,175,38,0
29,37,95,236,405,125,170,40,0
30,36,77,186,409,138,163,38,0
29,36,76,191,371,144,188,35,0
28,36,91,227,339,145,140,33,0
30,38,87,236,262,136,138,33,0
31,41,91,233,249,121,137,34,0
32,44,90,231,240,103,137,32,0
33,42,88,238,265,98,97,34,0
36,41,71,218,330,118,85,37,0
35,43,73,172,312,115,80,38,0
34,41,69,233,355,116,139,40,0
34,36,65,242,361,116,143,41,0
33,37,68,250,372,126,148,39,0
28,36,77,235,365,107,166,34,0
29,35,84,247,384,113,201,33,0
31,39,98,230,345,118,163,30,0
30,41,101,227,369,121,174,29,0
28,41,98,230,342,102,175,30,0
31,42,90,239,293,101,190,35,0
39,42,77,231,297,123,157,40,0
36,39,65,208,299,156,164,45,0
37,46,76,231,276,174,158,45,0
39,48,90,225,289,173,163,46,0
35,48,98,233,350,168,120,43,0
26,48,119,249,343,153,151,39,0
29,46,132,264,371,130,172,34,0
29,40,126,250,460,157,171,39,0
35,39,118,248,484,179,204,63,0
36,43,114,264,440,181,213,67,0
36,41,114,289,442,176,195,71,0
38,52,110,270,422,172,195,72,0
36,51,107,264,321,135,190,71,0
31,48,107,280,281,117,151,52,0
31,47,127,283,310,133,148,48,0
33,50,118,258,408,166,158,46,0
28,45,112,317,427,169,140,51,0
31,47,120,317,448,173,140,59,0
30,48,121,316,466,175,197,59,0
30,46,109,321,482,196,205,58,0
27,43,107,321,405,177,195,57,0
30,37,104,258,418,218,194,57,0
26,34,97,254,388,214,203,48,0
28,36,103,223,394,218,204,50,0
29,38,94,182,363,192,208,55,0
30,45,103,167,417,188,207,60,0
25,45,98,166,413,129,196,52,0
27,46,105,203,418,125,195,56,0
27,49,104,202,405,119,128,54,0
26,50,103,228,391,119,102,48,0
26,44,94,247,339,138,120,39,0
28,45,95,248,327,142,131,40,0
33,49,103,275,325,150,123,39,0
34,49,97,283,329,146,139,37,0
35,50,112,282,326,147,141,36,0
37,54,118,294,332,154,145,37,0
39,59,126,288,318,173,180,40,0
39,58,123,237,381,184,183,46,0
39,56,124,230,372,183,173,46,0
39,55,109,221,432,199,181,50,0
38,52,109,183,418,187,194,53,0
42,56,129,232,407,165,164,54,0
41,53,141,289,374,153,158,47,0
39,52,152,351,416,155,241,48,0
41,51,154,344,355,128,252,56,0
43,54,145,337,379,153,248,58,0
38,44,132,330,408,163,268,61,0
35,43,109,284,461,193,276,63,0
37,42,90,214,417,191,207,62,0
34,41,89,206,428,193,179,51,0
30,40,109,252,469,183,175,45,0
30,42,95,233,483,183,153,37,0
30,43,94,236,472,155,138,45,0
30,42,94,233,474,160,163,46,0
30,42,89,236,467,173,198,45,0
29,39,64,194,417,162,192,45,0
27,48,82,209,413,166,178,46,0
28,50,101,217,396,155,187,36,0
30,58,114,218,428,152,206,40,0
30,59,119,218,417,141,180,39,0
31,60,125,211,495,152,185,49,0
32,52,119,180,499,138,188,55,0
35,53,124,183,444,158,189,57,0
35,51,124,202,434,181,154,54,0
34,52,130,203,495,181,150,54,0
37,54,136,221,454,173,157,50,0
38,56,134,248,428,172,162,42,0
36,53,115,241,446,147,169,43,0
37,51,108,251,426,113,163,54,0
37,47,101,264,375,106,174,56,0
38,46,89,272,317,97,160,51,0
35,43,95,281,290,103,166,54,0
33,43,107,281,298,122,148,52,0
31,39,104,276,319,121,149,42,0
29,41,106,275,320,122,150,39,0
24,41,104,272,320,122,144,40,0
26,43,92,236,353,139,139,41,0
25,42,91,232,337,138,137,42,0
26,46,99,207,352,151,139,40,0
29,44,91,211,355,149,126,43,0
31,47,100,196,356,154,165,49,0
31,46,106,225,349,142,159,48,0
36,46,96,215,345,134,177,47,0
36,44,90,221,340,139,184,50,0
34,47,101,207,319,158,195,50,0
35,45,101,199,311,156,183,47,0
33,41,102,193,287,155,191,45,0
29,40,103,200,311,159,176,43,0
29,42,100,192,293,150,159,41,0
33,45,103,205,308,153,163,42,0
31,42,97,216,367,153,203,40,0
32,43,108,213,378,158,199,36,0
34,46,110,227,369,150,200,42,0
34,50,115,233,376,153,214,45,0
32,46,109,239,378,130,204,43,0
35,51,110,227,340,138,142,43,0
35,50,86,223,337,122,134,43,0
34,48,91,230,372,133,134,40,0
35,43,85,257,346,119,134,39,0
33,42,89,236,331,118,139,38,0
33,39,87,238,322,105,137,38,0
33,38,90,237,316,114,141,38,0
31,41,109,224,343,129,150,37,0
29,45,116,177,350,137,136,36,0
31,47,112,213,382,156,151,35,0
30,43,113,208,377,162,157,35,0
29,46,112,196,379,172,149,34,0
30,41,88,180,307,152,154,37,0
33,38,80,201,316,145,169,38,0
33,36,85,169,315,129,140,38,0
33,40,89,181,307,134,161,38,0
34,44,98,216,319,138,162,40,0
33,43,98,219,313,135,154,38,0
32,43,98,234,299,143,143,36,0
31,41,88,235,300,139,141,38,0
30,42,86,235,305,127,111,40,0
31,41,87,220,298,104,135,37,0
30,41,84,220,289,101,127,37,0
30,43,94,207,280,88,128,35,0
34,45,102,200,240,96,139,34,0
36,43,93,209,222,98,152,31,0
37,43,85,193,203,98,130,31,0
38,43,85,199,255,126,129,28,0
38,41,72,206,269,140,129,30,0
36,41,64,207,283,129,133,31,0
37,46,73,221,311,130,121,33,0
35,41,73,229,302,135,117,32,0
33,40,72,230,284,118,147,35,0
33,41,71,200,275,118,192,35,0
32,40,76,214,268,124,190,31,0
29,34,70,199,317,122,184,28,0
30,33,65,194,313,120,186,32,0
30,36,73,236,327,115,164,32,0
29,35,70,234,314,103,124,33,0
29,37,64,217,299,104,150,37,0
27,37,67,209,236,106,155,39,0
28,38,68,215,241,98,159,36,0
28,41,70,152,219,102,172,35,0
28,42,83,170,272,99,153,33,0
27,38,86,205,299,90,119,29,0
27,38,89,197,295,86,115,27,0
27,37,89,199,298,80,118,27,0
24,31,82,220,299,91,99,25,0
24,32,75,214,264,96,121,28,0
25,33,77,203,248,101,140,27,0
26,31,74,220,235,98,159,33,0
27,33,79,224,260,100,154,35,0
30,35,90,232,235,83,153,38,0
29,33,85,222,258,84,138,37,0
30,35,80,201,253,90,115,37,0
33,39,82,180,279,88,101,33,0
31,39,83,154,256,88,105,33,0
30,38,80,132,283,99,102,31,0
29,39,85,137,262,93,96,32,0
27,38,83,161,269,107,99,34,0
23,36,91,179,241,112,107,37,0
27,37,85,178,271,120,104,37,0
31,41,85,186,260,118,137,42,0
36,44,89,216,249,120,143,44,0
37,45,95,201,248,105,162,44,0
38,46,91,186,244,108,152,44,0
36,45,96,184,243,104,147,43,0
37,45,87,155,294,109,142,46,0
34,41,85,156,342,114,137,43,0
36,44,88,177,335,119,144,43,0
35,41,78,179,347,140,142,42,0
39,42,77,182,332,143,142,43,0
36,38,76,185,288,140,161,38,0
35,38,69,157,315,159,173,37,0
33,34,62,156,321,152,162,39,0
32,33,67,173,307,132,167,42,0
27,31,69,192,318,133,168,40,0
25,29,77,221,347,136,162,36,0
24,37,92,235,300,112,163,37,0
24,35,89,220,303,107,150,33,0
27,42,93,216,314,108,143,25,0
28,42,97,205,314,103,154,26,0
27,43,90,175,289,93,137,28,0
29,37,83,151,267,91,128,32,0
29,42,83,162,261,96,138,33,0
25,38,80,164,262,93,144,34,0
25,40,75,175,272,92,141,34,0
27,42,78,175,279,99,139,39,0
28,44,72,172,292,110,129,40,0
31,43,77,194,282,127,120,40,0
31,43,84,186,283,126,104,40,0
31,42,89,174,247,123,118,41,0
31,44,91,169,237,125,118,37,0
28,40,90,173,276,123,124,32,0
27,39,86,156,288,103,128,32,0
27,39,79,154,282,101,143,34,0
27,40,79,166,289,103,131,36,0
27,38,87,191,266,97,114,33,0
28,39,84,186,237,86,106,33,0
29,39,85,200,232,91,116,33,0
29,38,82,195,241,88,105,35,0
31,37,73,184,244,87,95,35,0
30,36,58,163,251,85,93,36,0
30,37,69,184,226,91,98,38,0
32,39,70,157,218,105,98,40,0
33,43,72,150,199,115,98,38,0
31,41,72,146,202,120,96,36,0
31,46,74,147,216,120,101,36,0
33,49,71,126,210,112,156,36,0
30,46,69,114,204,92,150,32,0
30,43,70,120,197,86,153,30,0
33,44,72,145,171,81,164,32,0
31,40,73,142,159,92,170,36,0
31,36,68,128,194,101,123,36,0
31,40,77,158,217,107,120,36,0
32,44,77,170,282,108,110,38,0
32,45,78,155,288,108,108,37,0
32,45,81,159,302,101,98,33,0
31,43,82,174,318,95,92,29,0
33,44,81,160,409,126,87,32,0
35,41,82,154,399,127,105,32,0
35,44,77,148,407,124,114,31,0
36,47,72,140,401,127,124,30,0
36,47,67,118,385,129,127,33,0
32,45,63,95,289,115,136,31,0
30,44,58,80,250,107,139,32,0
29,42,62,80,235,114,123,32,0
27,38,59,93,285,121,111,32,0
29,41,61,99,273,121,112,31,0
30,41,56,105,285,113,120,33,0
28,41,56,108,304,128,106,29,0
26,38,51,112,333,127,101,31,0
26,40,55,105,295,118,100,31,0
26,44,68,107,291,112,136,32,0
25,41,72,104,281,107,134,29,0
23,39,73,111,289,113,130,30,0
25,39,73,110,261,116,132,32,0
25,40,71,111,247,110,142,33,0
25,34,64,120,329,121,118,30,0
26,36,62,125,362,121,108,34,0
29,37,59,119,356,104,113,32,0
28,36,58,110,361,94,114,28,0
28,32,57,117,359,100,114,29,0
27,33,62,116,282,94,108,30,0
28,39,59,113,246,91,107,32,0
31,43,66,123,262,94,103,35,0
32,43,67,133,282,109,99,36,0
34,47,76,157,311,109,103,40,0
39,48,70,154,331,130,101,43,0
39,46,80,166,353,128,95,40,0
39,44,79,180,348,129,105,42,0
37,47,86,183,326,129,186,44,0
36,44,80,162,315,145,182,42,0
34,43,78,158,311,129,179,40,0
30,39,67,161,299,151,193,41,0
28,39,71,165,274,148,191,39,0
28,37,65,161,303,163,175,41,0
28,40,67,163,297,158,190,44,0
26,40,69,160,284,154,192,44,0
26,43,74,151,304,151,185,43,0
25,40,71,128,321,154,187,41,0
24,42,70,121,291,138,154,37,0
30,44,72,127,315,128,142,36,0
30,42,71,141,326,128,142,39,0
31,39,69,139,276,114,137,38,0
32,40,67,146,313,113,139,40,0
32,39,65,147,316,102,119,39,0
26,35,59,158,333,132,117,34,0
27,36,61,153,351,138,114,31,0
30,45,71,153,388,160,129,31,0
30,46,79,143,340,162,115,29,0
31,47,87,154,351,162,128,28,0
31,48,89,131,315,139,119,30,0
32,52,91,135,374,141,124,29,0
28,44,79,138,410,129,107,30,0
29,46,78,148,420,123,110,33,0
30,47,79,159,410,119,109,35,0
33,46,82,155,392,116,107,33,0
33,41,80,156,315,102,127,35,0
35,43,80,146,209,87,126,36,0
36,42,73,131,202,97,132,36,0
34,39,68,108,224,98,125,33,0
31,37,66,119,234,96,127,34,0
28,37,66,113,252,97,111,32,0
28,37,65,118,291,92,107,28,0
23,34,63,125,275,76,100,24,0
26,34,56,121,253,86,122,24,0
26,35,50,142,274,101,128,27,0
29,37,47,145,250,109,121,29,0
29,37,53,148,201,100,124,31,0
32,38,58,142,207,104,127,33,0
29,38,60,145,221,100,98,33,0
29,37,62,113,218,86,121,37,0
27,33,64,99,217,77,122,37,0
28,32,63,100,213,88,117,36,0
28,31,62,107,210,90,120,34,0
27,29,63,107,205,89,134,34,0
27,35,63,109,215,111,102,28,0
31,39,67,122,209,110,99,25,0
29,39,64,107,217,108,106,25,0
27,39,66,109,226,106,103,28,0
30,40,64,101,248,109,96,33,0
30,37,61,99,226,94,95,33,0
27,35,54,95,244,97,98,34,0
27,33,58,112,251,100,97,35,0
28,34,55,125,261,103,143,36,0
27,37,56,144,336,112,146,33,0
29,38,59,153,365,111,148,33,0
29,39,65,148,394,119,146,33,0
33,44,65,144,408,112,178,34,0
38,48,75,145,436,125,148,33,0
38,48,76,139,384,124,138,32,0
37,48,77,136,379,122,137,32,0
37,47,72,143,348,122,142,33,0
34,50,85,153,338,130,128,32,0
27,45,75,159,319,115,117,30,0
28,45,74,155,295,121,117,29,0
30,44,71,156,264,135,129,30,0
28,43,71,153,266,131,147,30,0
29,36,53,147,267,123,119,29,0
29,39,56,127,254,126,116,29,0
36,42,59,128,259,111,118,30,0
34,41,58,122,270,87,104,30,0
35,45,61,117,270,87,91,30,0
33,44,65,101,266,86,113,29,0
33,40,63,112,256,87,118,28,0
25,32,59,103,249,81,120,31,0
25,33,57,95,257,93,120,30,0
29,36,52,94,300,107,106,33,0
32,44,53,107,286,106,96,35,0
31,44,51,94,285,105,105,36,0
30,47,55,101,304,116,100,33,0
36,53,63,107,291,115,102,37,0
32,48,62,105,244,96,96,32,0
30,43,59,95,247,102,88,32,0
29,43,61,89,263,104,111,31,0
32,45,61,93,241,92,113,32,0
26,39,57,90,226,86,114,31,0
26,39,59,94,214,91,114,31,0
24,36,58,91,249,93,109,27,0
28,38,58,99,225,86,113,29,0
24,31,53,95,237,93,116,25,0
29,37,53,96,329,100,132,31,0
33,41,55,101,349,104,134,31,0
33,40,52,105,330,97,137,32,0
33,40,50,97,330,102,102,31,0
36,48,55,99,367,101,120,31,0
34,43,50,93,303,100,109,23,0
33,41,61,92,279,95,109,31,0
34,42,65,98,261,98,108,31,0
32,40,66,108,269,114,126,33,0
31,34,72,115,223,123,122,33,0
30,36,73,125,243,131,115,34,0
28,41,73,130,257,139,127,29,0
27,41,71,127,262,141,129,34,0
27,42,73,135,292,138,116,34,0
27,47,78,128,340,129,111,39,0
26,48,84,128,325,127,138,44,0
27,47,80,131,333,117,133,46,0
28,47,79,146,371,122,148,44,0
30,51,79,143,345,113,199,46,0
29,44,69,157,355,137,200,42,0
29,41,69,158,399,131,182,39,0
28,37,63,146,389,129,196,37,0
29,37,69,155,374,128,185,34,0
29,31,68,149,410,126,163,31,0
29,33,70,136,353,108,163,31,0
31,35,64,129,316,101,175,27,0
32,35,63,140,332,110,159,29,0
30,34,57,112,315,95,157,31,0
30,34,60,118,276,95,130,34,0
32,33,59,151,276,110,132,37,0
31,32,61,164,285,132,126,41,0
29,30,61,157,276,138,140,43,0
34,38,67,156,284,151,163,43,0
34,43,66,151,289,155,163,41,0
35,45,63,114,313,135,152,40,0
35,47,62,110,297,125,144,36,0
36,48,67,113,279,116,129,33,0
35,45,63,123,268,100,120,33,0
33,42,63,130,255,110,106,32,0
31,40,65,127,220,116,108,34,0
29,37,66,122,223,108,103,34,0
28,37,59,117,253,101,120,32,0
25,34,55,101,248,103,120,32,0
29,38,58,88,266,93,122,34,0
29,35,54,87,297,87,130,34,0
29,34,47,79,286,84,135,32,0
33,39,58,87,317,96,146,37,0
35,43,64,105,323,96,135,38,0
34,39,61,114,296,87,152,37,0
34,41,60,115,277,97,143,35,0
34,42,64,122,307,122,145,35,0
33,40,58,118,255,123,125,32,0
29,36,55,107,274,121,118,30,0
30,44,80,118,333,126,105,31,0
33,45,87,121,352,117,110,33,0
37,45,85,116,342,97,108,34,0
35,45,85,113,334,86,112,31,0
37,46,87,109,324,95,119,31,0
35,39,64,95,267,97,113,30,0
32,40,65,121,239,102,128,31,0
31,47,73,118,218,106,145,35,0
32,47,72,120,227,115,144,37,0
33,45,69,129,228,149,137,40,0
35,46,73,128,229,147,134,40,0
38,48,72,116,254,146,110,37,0
35,40,66,115,253,141,112,33,0
34,39,71,118,277,139,101,34,0
32,39,72,115,271,96,103,29,0
37,43,67,112,348,99,102,29,0
34,36,66,108,322,97,104,30,0
36,43,76,111,335,117,153,39,0
37,41,71,105,311,114,164,43,0
36,40,69,98,308,113,164,45,0
30,35,67,98,244,114,171,45,0
35,44,72,109,240,121,174,45,0
33,39,60,109,220,100,126,37,0
34,42,63,116,223,98,130,30,0
36,45,74,134,227,101,131,30,0
34,46,78,135,194,96,123,28,0
396,185,310,376,355,145,147,235,1
396,188,295,384,343,150,158,291,1
382,178,339,368,363,151,156,298,1
378,186,326,458,286,146,161,359,1
436,231,339,552,276,179,179,353,1
515,229,338,606,343,178,178,352,1
568,231,372,614,360,181,199,340,1
563,231,283,602,350,174,197,336,1
543,224,288,579,370,192,192,284,1
453,159,253,535,378,161,168,290,1
321,161,268,506,322,154,162,391,1
277,161,261,545,301,153,121,474,1
313,173,286,574,292,164,136,506,1
332,184,281,613,326,136,132,510,1
333,185,293,609,339,132,121,526,1
348,168,309,633,365,164,118,451,1
317,160,285,587,382,165,122,359,1
287,145,273,559,377,165,121,316,1
274,143,282,478,355,181,125,329,1
273,137,280,462,304,185,121,285,1
247,134,257,383,270,158,121,296,1
238,147,261,439,247,147,118,295,1
241,167,287,438,252,146,134,274,1
309,152,274,413,228,145,134,256,1
313,152,264,399,240,145,138,267,1
345,157,254,505,292,165,156,255,1
357,145,310,505,343,169,165,254,1
440,170,268,515,344,149,142,245,1
421,176,263,525,327,138,147,318,1
423,182,271,547,320,159,158,311,1
469,201,291,544,273,140,141,342,1
459,203,232,509,210,154,136,382,1
382,173,232,518,267,177,138,396,1
364,179,260,519,280,187,138,364,1
362,171,260,486,276,166,123,385,1
290,148,242,396,330,171,134,375,1
280,156,252,411,351,168,126,314,1
279,150,259,415,322,154,124,309,1
256,133,231,424,321,147,124,277,1
275,153,224,451,320,138,121,274,1
231,151,236,483,267,131,121,254,1
259,135,208,514,275,142,118,268,1
251,127,249,507,280,142,111,324,1
254,128,245,525,286,129,103,329,1
220,114,239,510,297,143,109,320,1
248,130,234,470,296,159,98,314,1
273,134,244,435,294,139,103,338,1
322,151,216,444,290,142,107,381,1
354,162,237,465,304,167,117,390,1
378,160,282,483,308,193,122,376,1
377,153,282,494,321,190,132,398,1
346,144,299,486,297,219,126,374,1
294,123,282,452,294,232,133,305,1
259,115,285,421,284,222,126,271,1
244,114,256,448,269,199,120,284,1
250,122,273,646,246,207,130,299,1
241,119,244,623,244,174,129,307,1
278,122,235,636,280,162,129,274,1
262,122,216,656,300,167,137,326,1
295,136,212,665,308,160,137,319,1
314,147,176,477,315,153,115,290,1
317,166,204,511,303,154,121,307,1
317,173,226,500,260,134,110,301,1
363,172,241,438,206,149,116,264,1
333,157,232,355,183,156,118,312,1
287,131,257,372,169,141,121,307,1
287,110,239,352,186,142,121,301,1
251,95,249,346,161,142,122,319,1
193,106,242,379,175,124,110,319,1
197,124,264,372,165,117,97,300,1
234,129,238,323,172,116,98,298,1
351,174,318,368,150,112,87,287,1
374,178,298,364,155,120,106,294,1
366,166,309,382,153,120,105,291,1
402,173,295,417,175,133,120,245,1
385,174,306,443,168,137,112,255,1
278,133,256,417,187,147,117,224,1
252,132,269,436,195,155,117,199,1
263,133,254,403,210,146,112,205,1
193,110,246,375,206,135,117,245,1
184,100,240,360,205,155,126,249,1
177,119,230,370,219,147,148,268,1
216,150,304,422,228,154,152,283,1
262,177,338,430,229,176,166,284,1
275,200,361,439,225,185,175,275,1
296,231,373,439,308,175,177,319,1
322,241,379,452,304,182,164,342,1
302,231,342,385,350,183,161,333,1
274,213,307,359,366,174,163,393,1
346,213,319,388,390,164,144,416,1
338,183,322,402,340,154,148,403,1
379,166,303,437,359,147,155,382,1
376,171,338,477,348,125,144,377,1
395,210,376,516,350,133,140,330,1
340,208,436,513,321,239,257,296,1
358,254,462,543,344,251,268,283,1
319,261,471,487,334,251,267,287,1
490,271,459,464,295,258,273,360,1
586,251,430,427,283,261,274,377,1
692,251,359,404,309,189,213,426,1
768,239,430,447,304,199,248,509,1
838,248,431,435,282,209,252,614,1
800,253,470,492,280,231,284,651,1
770,265,480,515,259,257,310,635,1
674,252,470,516,235,289,324,617,1
603,244,417,583,210,293,303,547,1
524,281,503,631,205,317,355,487,1
505,272,462,660,207,329,362,388,1
463,270,468,684,218,317,358,403,1
457,273,505,696,229,314,385,443,1
415,278,582,665,219,323,396,447,1
430,233,521,677,222,293,351,396,1
387,232,516,596,245,253,324,400,1
341,225,529,571,283,238,316,414,1
382,222,495,584,275,195,256,388,1
416,193,383,499,299,149,224,370,1
350,174,358,482,306,148,215,363,1
335,150,338,525,315,170,209,348,1
389,144,303,497,271,191,207,320,1
364,158,351,493,258,185,184,290,1
350,175,342,520,231,180,185,337,1
358,186,389,565,221,179,182,333,1
391,195,407,523,178,181,191,361,1
351,188,427,558,175,166,168,377,1
351,181,386,539,195,164,158,394,1
345,163,354,480,192,187,160,370,1
342,147,295,418,204,188,174,430,1
371,177,274,443,198,166,149,461,1
366,167,253,388,206,160,150,442,1
349,160,243,358,194,148,150,428,1
421,163,240,384,191,150,149,464,1
412,161,233,309,186,155,135,393,1
338,108,223,311,194,152,131,327,1
327,130,262,338,186,191,146,364,1
336,126,269,338,185,192,149,337,1
249,122,267,365,239,178,135,357,1
249,129,266,366,237,175,133,378,1
250,130,258,335,231,178,145,406,1
245,110,211,337,227,131,144,394,1
265,123,200,359,226,139,148,411,1
227,119,226,335,155,127,152,362,1
240,117,232,357,160,123,155,379,1
237,129,245,380,144,132,153,375,1
241,131,244,471,176,124,130,354,1
235,120,242,474,178,132,132,345,1
249,129,242,498,183,151,139,355,1
276,129,238,502,236,154,136,331,1
285,119,261,493,239,150,130,334,1
320,130,261,407,239,150,134,351,1
292,132,277,461,281,138,121,350,1
295,126,261,412,282,132,115,317,1
297,125,276,384,232,125,109,341,1
295,127,243,365,230,133,103,343,1
268,126,301,415,209,136,94,349,1
272,132,328,330,159,137,112,444,1
301,125,337,336,166,116,103,449,1
274,128,326,335,150,110,97,428,1
317,131,327,334,170,174,159,506,1
304,120,274,259,167,177,162,483,1
304,109,238,269,163,171,152,417,1
290,125,228,249,161,178,158,428,1
305,135,266,252,190,181,165,417,1
289,133,287,267,177,132,123,329,1
332,149,289,254,186,140,130,342,1
344,162,298,265,180,146,131,334,1
323,149,326,270,170,149,130,315,1
320,150,353,334,164,145,127,354,1
299,162,357,345,167,118,119,374,1
263,171,374,378,182,119,122,468,1
250,171,379,404,190,132,129,459,1
277,191,359,414,191,129,117,480,1
278,187,303,400,191,138,122,497,1
293,183,283,415,207,145,124,466,1
284,163,248,411,195,134,118,374,1
285,164,238,377,201,120,111,381,1
265,156,242,387,202,123,117,361,1
239,158,330,401,213,135,116,297,1
276,158,363,429,207,149,121,291,1
268,168,391,462,199,173,124,270,1
256,155,381,474,204,191,133,399,1
272,197,465,510,208,185,133,436,1
286,197,430,474,181,171,125,460,1
228,210,436,558,204,172,121,459,1
248,210,468,536,200,151,128,476,1
255,214,496,536,176,129,120,352,1
251,165,436,515,162,147,133,319,1
246,157,420,523,173,158,149,298,1
233,126,382,395,126,142,141,299,1
233,128,346,381,136,134,149,353,1
230,137,300,350,140,132,150,365,1
214,142,291,306,154,131,155,343,1
270,198,348,305,169,124,160,353,1
289,197,349,262,175,127,167,333,1
284,190,304,241,177,123,160,267,1
294,192,317,261,173,124,164,274,1
345,196,311,301,164,143,178,337,1
316,148,251,327,137,149,165,339,1
302,163,305,367,132,150,160,420,1
293,170,318,360,157,155,146,422,1
312,173,304,341,173,171,145,421,1
251,165,285,304,178,207,122,484,1
256,157,314,282,182,232,142,530,1
253,151,335,277,185,234,154,482,1
253,176,433,436,238,246,171,502,1
322,199,483,468,241,247,175,512,1
329,204,482,470,235,221,170,417,1
314,211,506,488,243,238,160,358,1
334,210,470,456,236,273,166,342,1
346,191,413,365,166,262,156,320,1
301,166,381,407,182,256,165,290,1
307,167,391,416,187,239,196,424,1
307,167,341,390,167,255,190,429,1
286,174,360,456,161,221,180,468,1
290,158,348,508,152,241,199,469,1
257,140,334,480,111,262,183,494,1
228,126,325,476,110,272,144,408,1
239,147,307,459,113,223,144,381,1
269,167,304,417,114,215,133,330,1
253,170,257,296,117,198,93,293,1
303,191,306,307,123,182,105,291,1
366,216,310,311,124,175,110,294,1
357,199,374,347,128,175,108,300,1
336,171,372,382,150,172,115,308,1
335,178,389,369,150,199,111,310,1
274,171,392,363,143,187,106,280,1
186,139,383,353,135,188,98,255,1
187,135,343,332,131,227,113,288,1
196,131,325,270,111,243,134,308,1
197,121,323,281,96,233,139,304,1
211,93,256,216,87,231,134,315,1
218,91,256,217,87,224,143,287,1
200,76,238,196,80,181,130,247,1
190,73,231,186,82,158,105,249,1
204,99,237,204,72,149,95,257,1
212,101,238,200,78,157,91,229,1
221,118,261,235,76,188,145,332,1
231,127,248,244,85,184,150,336,1
274,145,293,263,78,183,157,347,1
252,126,296,360,86,182,160,349,1
268,144,380,427,86,174,165,370,1
260,135,376,430,88,136,114,295,1
250,127,373,440,83,135,110,289,1
192,106,344,435,80,135,108,256,1
210,114,363,352,77,156,130,272,1
193,90,290,271,75,160,125,249,1
190,87,286,242,76,162,126,246,1
199,94,290,220,87,155,123,267,1
249,108,274,215,91,164,123,262,1
257,114,222,204,89,142,98,247,1
248,117,216,202,87,134,113,313,1
269,120,227,212,86,133,117,305,1
274,120,236,242,79,141,116,297,1
238,134,293,258,83,134,117,337,1
214,133,338,284,83,121,124,343,1
189,129,327,298,86,140,116,314,1
168,136,339,295,84,134,106,311,1
158,134,340,275,78,144,126,305,1
164,107,309,265,68,163,124,265,1
172,92,267,239,59,178,120,292,1
173,98,286,224,48,168,123,253,1
187,87,250,206,44,169,123,250,1
216,101,244,196,44,155,104,252,1
235,131,300,240,42,158,108,243,1
237,134,298,235,49,140,109,195,1
291,152,305,262,50,168,100,220,1
276,145,304,260,50,168,96,221,1
254,154,324,265,45,182,106,253,1
235,133,259,212,44,165,94,248,1
241,138,318,253,39,176,103,244,1
265,152,368,300,40,153,102,232,1
289,164,367,303,36,165,101,260,1
301,169,372,317,41,168,96,230,1
305,176,377,316,41,173,93,246,1
351,172,320,284,41,164,79,284,1
306,159,283,209,44,197,89,308,1
284,150,285,208,47,187,91,280,1
264,123,244,176,46,172,83,269,1
253,123,241,175,47,172,90,259,1
203,125,277,194,45,191,99,256,1
213,106,243,199,39,157,94,236,1
217,103,253,200,41,157,93,264,1
218,98,259,204,39,167,110,294,1
224,86,254,196,38,158,112,297,1
203,94,256,208,42,135,113,292,1
200,92,246,197,43,124,112,275,1
206,98,250,224,43,131,124,257,1
223,106,247,224,42,113,112,257,1
231,130,261,261,47,118,120,261,1
226,122,235,240,47,136,111,240,1
232,141,264,269,49,144,121,239,1
224,169,338,293,52,136,106,236,1
206,184,379,314,54,156,108,194,1
187,189,423,325,58,181,113,193,1
179,188,420,329,61,171,117,201,1
178,203,431,347,66,189,126,266,1
224,205,398,379,65,193,153,300,1
231,203,381,376,65,187,176,404,1
229,187,319,344,60,180,174,416,1
233,189,349,359,56,194,172,447,1
321,188,328,332,55,182,166,553,1
320,166,285,268,55,180,153,569,1
326,172,332,295,56,178,153,571,1
352,221,441,357,56,164,154,600,1
431,262,468,385,64,175,182,679,1
417,284,555,433,63,220,190,595,1
473,287,631,540,77,241,212,730,1
606,378,702,587,94,248,199,740,1
726,390,752,632,98,257,211,767,1
800,386,741,641,106,256,195,686,1
871,414,699,628,116,220,195,745,1
839,429,701,587,116,208,168,600,1
786,374,652,575,120,265,198,555,1
684,339,539,507,117,287,196,467,1
621,327,532,469,107,287,191,470,1
481,309,655,558,96,288,226,369,1
504,285,615,517,90,291,228,407,1
473,272,625,505,71,257,225,369,1
450,279,628,497,81,238,224,537,1
376,278,639,523,83,239,228,550,1
365,219,503,403,87,261,203,602,1
319,254,552,502,82,258,201,602,1
299,244,549,539,90,301,227,639,1
339,241,544,548,93,293,228,520,1
348,244,518,527,94,333,278,582,1
382,244,528,534,90,311,262,503,1
394,226,483,453,89,315,266,453,1
373,216,445,363,75,269,220,454,1
362,219,468,383,70,271,220,511,1
352,235,560,463,69,203,168,528,1
372,253,547,472,69,200,171,553,1
405,247,518,466,76,192,162,564,1
420,238,507,557,78,179,172,521,1
469,243,526,575,73,184,151,458,1
466,212,441,536,75,177,128,304,1
446,199,583,605,93,234,155,325,1
409,190,604,595,95,250,167,323,1
418,211,595,504,97,289,179,408,1
362,184,552,446,95,298,192,424,1
411,195,590,436,92,321,216,426,1
412,179,426,311,79,281,212,406,1
453,193,435,363,82,280,211,468,1
465,199,475,403,82,243,205,423,1
526,250,492,420,85,238,222,419,1
492,241,450,437,85,230,220,437,1
469,234,471,449,85,252,232,447,1
420,217,433,401,72,238,220,370,1
443,214,399,398,73,243,222,366,1
393,167,367,382,68,252,225,369,1
373,179,355,325,70,231,200,342,1
384,184,318,287,62,211,167,289,1
398,192,367,329,62,205,171,305,1
320,162,325,259,58,207,165,323,1
277,159,349,266,60,184,120,290,1
263,203,437,395,60,183,149,406,1
238,211,495,434,58,176,145,441,1
233,201,454,397,61,185,167,457,1
274,212,459,403,62,168,162,423,1
262,214,469,426,61,195,180,425,1
280,165,383,323,54,196,154,324,1
280,157,350,316,60,214,154,322,1
286,159,358,318,58,221,136,308,1
255,153,374,349,52,206,122,348,1
309,154,378,389,56,170,148,406,1
324,169,358,385,55,162,158,405,1
347,181,358,377,51,145,162,432,1
369,188,351,389,49,114,152,423,1
411,180,329,359,56,135,157,384,1
385,170,294,283,51,128,101,329,1
363,141,353,393,52,142,105,368,1
343,126,338,403,49,134,124,338,1
370,115,351,402,51,138,154,346,1
343,134,375,414,44,116,151,352,1
331,144,409,447,45,112,159,344,1
335,151,383,377,42,103,149,321,1
370,149,371,367,47,123,173,272,1
321,148,356,366,45,117,150,237,1
376,132,391,387,47,151,173,300,1
375,116,357,340,49,155,171,321,1
369,127,424,399,52,168,188,323,1
343,140,460,393,50,161,159,318,1
351,144,475,387,51,166,159,372,1
377,169,459,372,49,138,140,354,1
389,174,508,423,60,155,155,369,1
390,164,453,371,60,143,139,376,1
392,153,418,371,62,145,148,397,1
375,156,410,396,63,145,151,340,1
255,138,401,425,61,157,161,325,1
235,131,340,387,49,131,151,312,1
228,131,323,380,50,157,153,300,1
190,128,303,367,46,149,132,282,1
191,116,284,334,46,149,128,294,1
187,118,299,288,46,138,106,265,1
188,110,279,271,42,152,112,256,1
208,107,278,239,39,109,116,229,1
255,114,329,262,43,119,120,268,1
253,111,351,308,38,117,120,289,1
269,103,297,288,39,119,123,301,1
296,131,334,344,46,116,129,301,1
288,145,331,341,50,133,118,327,1
275,143,294,327,52,137,121,296,1
297,152,270,300,52,138,126,275,1
292,177,405,384,51,147,123,264,1
273,173,394,338,48,161,112,292,1
255,168,403,336,42,152,109,260,1
241,181,462,398,37,153,108,255,1
213,213,527,430,51,185,111,258,1
202,191,452,366,51,182,117,264,1
174,178,450,371,49,206,148,241,1
322,186,451,371,52,228,159,262,1
346,169,409,323,55,233,179,283,1
364,155,370,317,52,219,178,275,1
370,151,364,309,56,225,181,283,1
385,164,379,323,55,185,152,333,1
339,158,448,403,52,183,181,323,1
342,158,433,392,48,172,167,332,1
335,153,428,400,44,188,183,364,1
333,155,443,438,50,271,261,384,1
320,145,436,453,56,306,328,353,1
266,139,403,470,81,387,399,385,1
223,147,443,489,83,395,409,401,1
207,167,487,498,88,400,411,387,1
231,177,501,520,86,364,378,366,1
277,221,541,527,92,365,343,363,1
277,232,525,467,75,286,270,342,1
289,240,532,446,86,324,332,385,1
330,218,493,416,89,319,326,415,1
317,226,492,411,92,304,337,497,1
283,186,457,395,88,291,346,583,1
289,190,474,396,87,275,326,588,1
283,189,465,408,78,247,255,561,1
250,210,493,423,78,260,253,550,1
254,194,466,364,72,284,249,479,1
254,202,477,346,77,320,242,394,1
245,195,477,358,78,337,261,406,1
341,202,448,338,78,339,281,392,1
336,183,407,316,70,354,318,431,1
348,185,414,355,69,339,297,460,1
352,187,416,383,59,295,283,449,1
348,167,360,346,55,274,256,418,1
263,153,370,379,52,255,230,440,1
312,155,377,365,56,200,161,407,1
317,156,375,349,65,191,173,362,1
300,136,329,326,63,175,141,319,1
346,147,390,383,81,210,185,501,1
328,131,374,336,82,195,178,478,1
387,247,444,441,76,209,239,571,1
441,260,443,422,75,223,309,597,1
467,272,445,413,76,223,317,601,1
574,375,464,441,74,211,354,557,1
594,384,472,458,72,210,362,563,1
531,316,365,378,71,189,328,483,1
615,337,396,407,70,182,303,552,1
605,330,387,398,69,178,296,556,1
525,234,320,330,51,188,250,548,1
516,222,306,314,51,192,243,540,1
514,227,347,318,50,219,239,501,1
330,197,351,317,52,215,206,422,1
367,215,437,428,51,227,211,435,1
313,178,438,428,56,195,195,317,1
311,174,436,423,57,192,190,322,1
314,171,442,411,57,159,197,371,1
324,141,400,382,50,154,170,338,1
284,138,323,257,50,150,162,341,1
279,146,330,234,48,151,138,343,1
276,166,352,235,43,155,149,327,1
298,174,385,318,45,160,148,310,1
280,170,382,344,42,150,142,315,1
255,150,394,356,46,147,156,314,1
271,158,449,399,48,143,153,326,1
289,155,439,410,54,162,134,322,1
255,141,416,349,54,168,129,289,1
316,145,439,356,60,180,139,312,1
419,152,446,371,65,216,166,308,1
414,138,376,340,64,216,172,347,1
433,169,420,413,61,206,198,436,1
447,176,385,396,59,192,193,432,1
541,260,442,419,61,226,250,559,1
480,269,434,402,56,188,229,570,1
479,279,469,453,56,187,223,536,1
456,251,450,407,53,234,230,472,1
446,245,438,405,53,238,231,469,1
326,189,406,404,53,263,213,399,1
317,187,419,415,53,265,205,352,1
356,211,391,370,53,268,250,436,1
368,220,363,343,55,233,225,443,1
361,239,454,448,56,237,226,445,1
310,212,411,402,46,161,185,350,1
314,200,388,391,45,173,196,429,1
247,152,365,367,43,169,131,366,1
220,142,370,367,39,166,125,356,1
222,111,281,273,38,161,121,376,1
233,108,285,315,40,148,99,375,1
222,105,270,315,37,151,91,292,1
242,122,307,339,36,176,126,322,1
269,126,299,350,39,190,153,370,1
266,128,324,329,41,192,164,366,1
64,60,122,324,245,117,44,78,2
66,59,122,342,284,115,46,79,2
65,63,126,337,265,83,46,78,2
61,60,120,333,288,85,45,80,2
53,63,133,376,331,92,40,71,2
52,65,130,361,318,94,38,75,2
50,60,131,348,302,113,48,89,2
52,61,139,371,302,117,49,90,2
62,70,142,360,304,114,50,90,2
64,67,141,340,255,105,52,99,2
60,59,131,339,238,107,51,85,2
58,59,131,340,229,104,41,71,2
57,58,129,334,221,101,37,69,2
46,44,125,335,211,101,37,66,2
45,47,119,321,209,100,36,58,2
51,56,136,355,215,108,37,68,2
55,57,147,432,211,93,36,71,2
54,55,142,416,247,104,44,78,2
65,77,177,466,250,102,47,79,2
66,75,172,471,266,109,46,74,2
65,72,155,439,266,99,45,68,2
62,71,148,384,293,107,49,68,2
65,73,158,450,306,110,48,65,2
58,59,121,392,284,107,46,65,2
69,64,135,401,311,103,46,81,2
76,63,135,406,356,103,55,98,2
77,65,123,356,349,93,52,95,2
76,66,121,381,310,80,52,93,2
76,76,147,383,309,84,51,94,2
69,85,155,427,291,85,51,83,2
63,87,155,427,226,76,46,69,2
65,93,168,431,197,73,49,75,2
63,94,161,322,250,75,46,77,2
63,81,135,336,263,83,50,92,2
56,69,113,280,246,79,49,91,2
52,68,118,277,262,80,47,85,2
47,58,108,292,267,101,44,83,2
46,56,115,299,233,98,42,80,2
53,59,120,304,244,107,55,82,2
58,65,117,291,246,111,56,86,2
56,60,111,281,233,112,53,84,2
58,61,128,371,234,93,54,83,2
58,59,130,397,219,97,58,86,2
52,56,124,400,218,95,50,72,2
46,52,144,404,215,103,48,68,2
47,56,150,413,212,100,51,77,2
59,57,133,369,217,107,52,88,2
61,64,145,385,245,104,47,85,2
60,68,165,385,221,102,39,80,2
61,68,162,400,214,96,39,84,2
65,68,160,389,218,102,39,76,2
56,66,156,384,198,98,38,80,2
57,61,137,343,199,119,42,82,2
56,60,127,311,197,111,42,81,2
60,57,108,308,202,108,47,79,2
61,56,104,340,217,106,47,82,2
76,65,113,331,227,102,48,91,2
74,73,118,362,261,78,47,90,2
78,76,124,397,266,79,52,95,2
77,77,144,410,265,77,50,96,2
73,74,146,378,310,77,46,93,2
59,70,163,383,313,86,44,69,2
57,61,170,365,263,87,43,67,2
52,55,163,374,264,87,37,68,2
48,55,177,367,285,94,35,62,2
43,55,175,394,245,111,39,59,2
36,58,187,432,229,106,38,59,2
35,57,184,427,259,120,37,56,2
41,59,180,411,249,120,41,56,2
42,53,153,392,234,118,40,55,2
44,53,151,371,219,104,37,55,2
50,50,122,348,227,108,38,65,2
52,51,109,336,195,84,39,64,2
43,46,104,325,232,100,34,55,2
48,51,105,352,226,96,37,65,2
48,59,114,355,267,93,36,67,2
48,58,120,333,271,100,36,58,2
50,62,137,368,274,102,43,67,2
61,66,145,374,283,87,44,75,2
58,63,145,335,283,82,40,68,2
60,60,135,339,235,79,40,68,2
62,56,133,344,237,63,38,66,2
72,56,124,305,242,70,34,88,2
67,53,116,283,199,77,35,85,2
66,54,114,289,191,86,39,86,2
66,56,145,313,234,95,39,86,2
62,57,129,281,225,99,40,89,2
55,58,127,280,218,98,40,69,2
55,57,128,292,213,91,39,74,2
61,65,150,297,222,85,37,76,2
62,60,121,261,211,73,36,84,2
60,58,126,275,255,70,35,80,2
51,52,124,299,312,81,33,78,2
47,52,121,279,321,89,31,69,2
43,44,90,311,325,87,31,68,2
52,47,98,317,315,89,34,82,2
58,45,93,309,284,87,37,86,2
63,48,88,317,230,80,34,81,2
85,51,103,325,221,67,36,117,2
85,51,104,283,215,67,36,119,2
78,51,136,358,186,61,33,104,2
81,58,153,352,207,62,35,113,2
83,63,164,327,196,59,36,123,2
65,65,170,338,213,65,34,92,2
65,61,165,330,244,64,31,91,2
68,65,145,260,269,74,31,98,2
72,74,176,240,245,74,30,94,2
67,75,175,242,267,74,30,84,2
65,71,166,272,271,72,33,83,2
67,70,167,312,239,71,38,93,2
62,76,179,296,218,62,37,83,2
45,62,133,301,234,68,34,71,2
46,57,120,319,210,67,38,71,2
45,61,129,332,225,64,38,74,2
63,67,131,300,261,73,35,79,2
64,57,109,294,255,73,34,79,2
76,59,110,317,256,72,39,93,2
83,61,119,326,278,72,36,102,2
88,70,124,313,280,90,37,102,2
77,64,123,342,244,81,37,91,2
84,64,121,356,258,81,41,95,2
81,62,117,342,244,76,38,107,2
76,66,116,343,208,71,40,100,2
68,50,107,361,160,50,37,96,2
72,53,120,342,167,60,35,96,2
64,50,123,355,173,71,34,95,2
58,58,164,351,182,83,33,68,2
55,52,163,339,204,87,28,64,2
56,54,167,313,224,87,30,66,2
53,51,159,298,228,85,34,84,2
49,50,156,295,228,80,36,81,2
48,45,111,310,228,69,37,83,2
54,42,100,345,225,66,37,89,2
57,41,82,341,200,67,38,90,2
51,45,90,405,243,72,38,74,2
64,56,106,385,237,74,37,79,2
66,52,107,377,251,81,38,76,2
65,52,109,335,250,92,38,75,2
62,51,116,313,264,90,38,75,2
68,48,111,258,233,83,34,70,2
57,38,99,260,247,83,34,63,2
64,45,104,291,250,88,35,73,2
65,49,108,315,250,80,35,67,2
64,53,133,315,245,88,34,62,2
82,53,131,298,236,86,37,101,2
84,59,127,346,219,83,38,103,2
78,53,124,329,237,66,39,98,2
89,54,122,314,245,59,38,108,2
99,57,91,348,249,48,42,118,2
80,59,97,372,250,50,41,88,2
83,58,95,337,246,48,41,92,2
90,62,90,341,207,52,39,95,2
89,58,84,357,195,56,42,101,2
87,57,79,351,206,57,38,100,2
91,67,111,341,213,64,37,100,2
100,63,111,322,218,67,35,100,2
104,59,112,319,219,70,39,113,2
122,60,114,361,248,91,76,144,2
126,63,116,352,244,94,78,150,2
127,50,72,377,258,91,80,152,2
153,56,79,412,307,91,87,226,2
168,59,78,426,355,98,88,253,2
187,60,91,437,346,78,62,264,2
191,58,103,438,349,74,65,276,2
192,62,116,432,363,78,63,279,2
170,63,131,457,342,76,54,226,2
162,62,140,469,294,68,57,216,2
147,66,133,419,280,77,58,207,2
140,61,129,398,269,84,57,198,2
142,57,119,364,251,93,61,200,2
145,52,96,343,279,92,62,209,2
155,51,86,294,272,91,59,212,2
145,43,84,377,290,82,56,204,2
144,44,66,398,300,75,53,197,2
144,47,70,402,306,69,49,195,2
154,45,72,385,261,77,49,194,2
138,47,68,411,336,100,44,172,2
124,51,72,325,323,105,40,144,2
127,57,76,308,316,105,42,146,2
127,53,82,329,308,98,37,142,2
117,56,103,359,322,103,37,167,2
105,65,128,335,286,86,37,151,2
114,68,140,376,277,84,39,156,2
128,64,138,369,270,89,36,179,2
162,72,153,400,266,93,40,207,2
152,69,147,408,316,83,37,173,2
173,61,124,422,284,77,41,192,2
167,60,110,380,287,72,39,205,2
155,58,115,387,287,62,39,179,2
117,51,85,353,277,55,37,153,2
116,55,78,355,221,52,37,152,2
82,51,84,347,223,53,31,129,2
91,50,87,393,232,72,38,114,2
83,47,78,387,238,71,36,109,2
109,49,98,421,271,74,36,114,2
120,47,98,361,239,76,36,152,2
128,53,110,406,243,77,38,156,2
144,49,105,368,260,67,34,157,2
161,53,110,395,263,76,35,187,2
146,50,96,324,226,74,38,181,2
138,62,110,335,238,69,40,150,2
135,59,107,283,265,67,42,146,2
111,63,109,315,238,60,41,146,2
116,61,111,306,233,50,46,142,2
113,60,116,381,228,51,47,148,2
124,52,99,382,267,65,48,157,2
120,59,103,372,257,76,47,158,2
125,57,103,334,263,81,48,175,2
159,58,97,299,261,81,104,187,2
170,58,89,234,256,80,110,207,2
173,57,89,227,207,79,111,209,2
175,47,79,207,181,73,114,210,2
173,48,86,210,188,66,116,211,2
138,46,89,280,214,72,83,209,2
156,48,87,261,222,73,78,199,2
156,45,84,293,246,69,74,202,2
157,51,78,290,267,65,73,205,2
156,61,72,306,265,71,71,184,2
148,65,78,298,240,69,62,152,2
123,62,76,312,249,71,99,164,2
189,67,74,277,228,72,130,249,2
192,64,64,282,196,72,131,256,2
199,57,57,262,189,83,146,262,2
202,58,52,219,205,78,144,276,2
200,58,63,244,206,77,120,265,2
147,56,85,275,209,75,93,206,2
147,59,99,331,239,82,93,200,2
164,61,103,362,261,71,80,220,2
168,63,108,362,257,74,86,223,2
179,63,110,390,295,75,95,238,2
165,66,109,379,296,72,89,218,2
174,62,97,340,269,62,89,216,2
163,57,98,334,248,59,139,220,2
154,56,97,387,311,75,151,206,2
183,64,96,333,280,82,169,231,2
185,63,84,349,296,82,171,234,2
184,74,94,346,291,90,185,242,2
177,78,99,379,304,86,149,221,2
186,76,94,348,245,80,153,219,2
147,71,90,383,250,72,133,177,2
149,63,89,352,226,73,135,171,2
138,52,90,403,232,65,119,175,2
139,44,74,362,236,64,125,176,2
122,41,73,347,211,50,108,168,2
127,40,75,303,186,52,102,164,2
137,47,73,317,187,52,104,171,2
148,45,60,262,186,50,98,155,2
147,63,75,268,166,54,87,165,2
173,67,73,296,174,58,94,207,2
166,66,68,295,163,53,95,200,2
153,62,66,329,181,53,86,199,2
145,63,65,319,202,63,98,200,2
154,46,48,305,184,66,112,202,2
124,43,59,286,208,69,101,164,2
130,42,63,322,216,68,103,174,2
149,41,63,285,201,67,119,179,2
147,46,68,325,208,60,110,187,2
137,47,65,317,215,61,107,178,2
151,57,62,316,200,62,112,190,2
146,64,73,328,220,65,114,191,2
139,65,80,352,271,62,100,197,2
138,61,78,311,245,63,107,185,2
131,61,82,329,249,57,107,185,2
135,55,80,306,244,51,102,183,2
145,57,79,243,231,51,114,175,2
140,58,72,224,178,67,112,161,2
144,59,75,262,201,66,106,171,2
143,58,75,248,209,66,91,154,2
136,54,74,255,202,63,94,155,2
126,44,62,277,212,63,86,188,2
130,45,61,280,201,47,88,184,2
135,43,63,288,201,42,94,188,2
133,47,69,308,189,50,95,197,2
121,49,66,324,239,61,95,186,2
123,48,66,320,243,62,84,156,2
115,44,68,302,254,59,91,167,2
109,45,73,279,237,66,88,157,2
127,43,74,336,290,67,91,155,2
134,47,87,324,261,66,85,160,2
130,51,98,323,246,85,83,151,2
142,55,105,358,255,95,81,138,2
147,55,99,340,251,99,93,135,2
132,63,102,326,265,123,100,138,2
154,60,95,369,293,121,122,155,2
151,55,84,399,306,107,123,155,2
152,58,97,415,298,102,121,161,2
157,61,105,419,299,97,112,171,2
169,50,99,376,261,68,105,176,2
152,59,113,357,222,79,77,160,2
171,63,121,340,191,80,81,185,2
167,58,117,300,193,83,113,216,2
155,58,114,296,201,88,113,206,2
147,60,118,293,200,86,114,208,2
154,54,113,356,212,76,135,211,2
133,51,103,357,218,76,137,191,2
147,52,91,389,223,80,116,167,2
153,50,83,466,276,103,118,183,2
149,48,83,497,245,111,139,181,2
133,43,78,465,263,118,117,167,2
142,45,86,499,274,120,117,174,2
121,43,85,460,262,116,116,173,2
107,43,87,401,200,89,110,158,2
107,42,87,361,207,83,81,148,2
127,48,77,341,185,97,94,164,2
121,50,73,299,180,117,89,163,2
110,53,82,302,190,123,80,147,2
143,58,91,322,201,125,79,164,2
145,59,85,349,203,124,99,164,2
123,52,90,470,281,107,90,145,2
125,55,95,470,277,87,120,140,2
138,51,88,491,272,74,126,145,2
109,43,72,476,271,89,130,126,2
103,44,83,460,280,96,124,111,2
108,47,90,335,203,121,124,122,2
115,49,92,334,209,135,100,135,2
105,52,98,333,193,143,103,154,2
113,52,100,339,203,148,118,163,2
152,60,102,357,180,162,126,190,2
151,57,104,392,175,156,127,185,2
145,55,112,373,166,145,122,170,2
158,56,119,359,210,141,111,149,2
174,58,122,352,207,128,104,202,2
157,48,115,328,231,109,103,213,2
175,49,108,295,222,111,104,230,2
176,43,107,342,238,110,115,238,2
167,42,100,385,208,113,122,234,2
144,44,112,465,210,151,129,180,2
127,46,117,486,190,152,129,155,2
119,50,112,479,192,153,134,148,2
117,51,95,457,175,154,127,148,2
109,53,102,442,178,160,123,144,2
107,53,83,368,157,127,108,140,2
123,57,76,345,186,121,121,135,2
104,53,89,349,181,106,111,109,2
100,55,100,330,184,105,112,104,2
111,52,90,292,186,91,115,147,2
129,56,103,381,207,90,135,164,2
120,52,103,380,175,80,107,165,2
120,52,96,416,183,76,121,177,2
143,53,95,473,210,75,117,183,2
148,57,95,499,220,72,114,192,2
130,50,89,473,223,80,85,180,2
130,53,90,468,227,106,128,185,2
151,54,85,459,232,131,120,191,2
136,49,73,395,202,126,119,182,2
128,46,95,435,198,132,126,153,2
141,49,98,423,168,138,132,168,2
139,46,106,504,173,123,94,160,2
120,53,167,618,202,105,94,155,2
123,59,181,654,205,112,103,160,2
116,63,188,659,205,108,96,147,2
114,63,186,638,230,88,105,157,2
110,63,193,613,229,111,125,152,2
109,65,173,556,225,124,128,140,2
98,62,170,566,225,124,130,143,2
109,58,190,539,213,124,132,143,2
106,56,192,539,206,126,121,128,2
112,59,184,524,206,107,125,124,2
152,54,162,499,201,95,135,166,2
165,56,161,492,213,91,133,179,2
166,57,112,455,216,90,134,189,2
172,56,105,482,202,88,135,198,2
172,57,109,479,213,93,115,205,2
145,56,119,423,189,95,114,199,2
130,52,121,477,200,92,108,180,2
123,49,118,490,193,90,106,172,2
111,51,116,463,202,94,106,150,2
110,45,112,523,183,93,97,140,2
104,43,100,524,190,85,96,103,2
117,49,99,441,174,83,98,113,2
117,51,105,492,181,94,105,118,2
117,57,126,526,175,91,102,118,2
115,61,124,449,179,86,143,124,2
111,60,121,436,174,78,132,121,2
100,56,114,427,177,81,132,117,2
103,56,117,346,175,83,125,111,2
93,48,98,281,174,101,130,103,2
94,44,99,253,170,101,128,117,2
105,48,119,314,169,105,140,140,2
102,57,122,285,150,105,138,141,2
98,58,133,316,207,100,144,141,2
103,66,147,395,225,83,145,149,2
115,70,148,408,228,92,115,148,2
99,66,134,363,246,91,108,132,2
107,66,129,389,250,101,117,136,2
103,66,115,389,205,95,119,142,2
107,57,93,310,172,96,111,139,2
95,54,90,338,169,88,102,134,2
103,63,102,335,148,88,107,135,2
114,59,100,315,152,80,109,123,2
115,57,93,305,156,83,102,112,2
109,59,98,318,178,76,105,106,2
108,58,93,285,173,76,105,104,2
120,52,84,298,171,86,95,110,2
112,53,104,359,180,84,98,115,2
113,62,122,368,207,82,107,128,2
114,62,120,352,198,82,107,131,2
111,60,117,375,241,86,110,124,2
92,59,112,386,233,81,106,108,2
83,58,107,363,226,73,102,111,2
81,49,105,403,216,77,95,97,2
102,47,108,418,219,82,105,107,2
109,59,120,402,185,80,106,146,2
129,59,124,374,187,67,99,151,2
135,62,116,367,182,70,93,165,2
140,62,108,420,163,62,137,169,2
134,64,106,443,168,65,129,169,2
124,53,98,460,179,68,127,134,2
122,54,91,483,185,81,138,163,2
110,46,90,502,187,79,151,142,2
104,45,80,408,178,80,134,133,2
89,40,82,361,162,71,138,129,2
97,46,81,369,172,75,142,130,2
70,51,92,366,153,65,135,80,2
104,58,98,370,161,64,138,85,2
106,58,98,383,160,63,114,93,2
118,60,96,390,170,70,111,106,2
112,56,93,349,139,55,106,112,2
119,48,81,332,166,71,105,120,2
103,42,84,336,157,89,87,127,2
113,50,96,376,223,90,115,140,2
131,62,112,421,260,93,138,144,2
133,64,110,429,261,96,138,136,2
126,61,114,442,281,104,137,134,2
118,63,110,428,284,93,140,141,2
121,61,116,420,255,94,141,128,2
97,47,100,380,214,92,118,113,2
102,55,115,401,233,92,118,118,2
101,61,118,396,193,73,128,111,2
98,59,111,384,190,81,129,83,2
89,63,103,346,172,79,113,89,2
103,63,100,331,188,79,116,108,2
101,56,86,340,188,81,119,107,2
101,50,82,311,190,83,112,105,2
103,51,105,368,188,78,104,108,2
99,45,103,367,190,79,101,109,2
73,40,103,401,176,84,97,83,2
69,44,104,428,165,82,92,85,2
75,45,104,452,164,89,90,86,2
70,42,77,428,169,91,84,83,2
68,43,72,435,181,95,76,69,2
64,47,74,413,174,89,88,80,2
68,44,82,364,155,88,104,94,2
80,44,90,354,170,78,101,104,2
81,43,87,370,175,74,107,104,2
79,43,98,404,156,70,119,111,2
87,41,101,444,206,69,111,132,2
111,51,110,455,222,70,110,156,2
115,54,102,471,240,64,120,175,2
118,55,103,416,228,63,123,177,2
139,60,97,450,245,73,121,184,2
139,61,93,433,218,73,121,178,2
121,53,80,446,213,74,110,148,2
105,50,83,459,202,77,112,122,2
112,49,88,480,214,76,115,123,2
87,42,85,460,197,61,117,114,2
81,43,95,453,199,61,112,90,2
78,45,94,417,189,59,138,85,2
91,45,102,375,174,57,137,96,2
92,48,109,357,162,59,142,105,2
98,50,125,377,165,65,132,101,2
97,51,126,398,168,75,139,101,2
102,59,140,421,177,95,127,110,2
92,59,129,418,162,96,117,101,2
85,56,123,441,161,93,130,89,2
77,54,102,358,157,98,139,91,2
88,53,97,365,136,105,137,93,2
81,46,87,341,132,92,124,81,2
100,50,93,407,161,96,131,86,2
95,49,91,399,162,120,125,93,2
99,50,108,443,160,121,120,97,2
90,51,137,483,159,110,118,95,2
90,50,133,516,161,105,119,98,2
74,48,131,493,154,109,116,98,2
70,52,131,493,157,99,109,95,2
62,54,129,484,163,88,111,86,2
59,53,106,413,158,89,109,86,2
54,48,105,394,203,118,107,81,2
41,48,106,368,207,116,102,66,2
37,46,106,375,231,101,93,56,2
36,42,95,364,234,108,104,51,2
38,42,96,378,245,107,108,56,2
45,46,94,412,204,79,109,57,2
48,44,96,482,227,78,122,54,2
49,42,98,480,224,80,116,53,2
47,44,101,478,224,67,101,59,2
43,41,95,462,222,64,99,53,2
43,44,92,419,216,65,126,64,2
44,50,114,407,179,62,117,66,2
47,54,115,442,144,82,117,71,2
50,52,119,448,133,90,115,67,2
51,55,122,465,121,99,124,65,2
50,54,130,468,140,96,112,60,2
48,51,111,427,169,92,115,61,2
45,49,104,407,202,85,107,58,2
43,49,102,468,224,84,110,54,2
48,46,92,445,247,77,107,67,2
45,40,83,432,240,81,116,65,2
195,133,312,389,268,79,55,142,3
201,134,316,397,267,76,56,149,3
268,163,339,411,319,79,72,177,3
289,176,331,419,328,78,65,170,3
325,188,319,419,310,76,65,179,3
355,182,228,364,345,85,69,194,3
373,196,222,367,352,87,70,202,3
327,171,210,335,299,77,49,181,3
330,165,236,367,296,76,50,185,3
293,151,230,356,306,75,49,171,3
219,134,319,358,263,69,46,131,3
216,126,328,350,258,72,47,126,3
228,139,308,342,254,71,52,131,3
236,155,301,327,303,75,52,140,3
246,163,313,325,298,80,58,151,3
250,155,227,338,349,87,57,158,3
243,153,210,341,352,90,59,155,3
227,145,236,337,367,91,58,148,3
202,131,238,318,343,92,62,134,3
219,154,257,318,346,86,63,141,3
267,179,249,254,298,76,57,156,3
244,170,268,276,289,67,55,149,3
287,197,256,289,285,67,65,180,3
296,200,247,278,256,59,68,196,3
291,190,268,280,244,65,66,193,3
265,165,258,262,228,62,70,185,3
278,175,251,247,250,75,74,187,3
249,178,318,290,242,86,68,165,3
257,174,328,329,231,101,71,161,3
330,207,350,382,289,113,80,178,3
324,223,359,384,300,117,79,170,3
315,218,366,395,291,114,77,164,3
351,222,315,380,292,110,75,165,3
338,228,322,447,313,104,64,143,3
266,208,259,413,287,97,50,104,3
338,244,296,420,288,96,51,114,3
353,252,287,398,280,100,53,129,3
315,234,280,396,302,97,54,140,3
351,255,254,305,291,95,71,178,3
354,244,248,312,266,86,79,201,3
294,198,204,376,339,81,78,198,3
296,194,224,380,364,71,74,194,3
292,185,218,386,390,78,73,179,3
240,142,226,367,380,74,60,146,3
223,133,235,394,421,94,55,116,3
221,136,231,370,411,111,59,123,3
239,158,257,443,437,116,64,145,3
288,172,256,454,431,113,64,171,3
308,204,331,483,431,113,70,190,3
311,205,333,457,417,107,67,192,3
307,215,369,425,369,90,65,187,3
281,211,372,410,319,85,69,167,3
224,203,387,381,274,77,68,145,3
232,206,323,381,296,81,64,129,3
232,208,319,381,263,70,62,129,3
207,186,280,407,292,79,62,128,3
218,198,262,359,302,80,54,125,3
237,202,243,383,323,84,63,133,3
231,194,244,340,295,77,62,130,3
239,200,241,320,298,89,68,139,3
246,206,265,342,294,96,70,138,3
246,192,242,341,288,96,70,143,3
251,188,228,309,265,96,63,137,3
222,156,220,304,256,98,69,126,3
220,149,231,298,269,91,60,114,3
217,150,235,260,244,74,56,118,3
232,145,229,245,254,83,61,136,3
261,159,231,221,251,86,64,156,3
263,167,238,229,247,83,57,163,3
259,165,252,261,230,79,58,165,3
254,160,244,301,268,88,57,156,3
249,158,248,290,240,77,55,153,3
231,142,266,304,231,68,51,139,3
264,158,275,393,266,77,55,146,3
266,169,299,400,271,85,58,143,3
280,177,274,368,258,77,59,149,3
258,183,308,384,258,76,53,129,3
238,183,295,386,277,76,53,118,3
204,164,295,303,270,83,47,104,3
232,172,253,277,254,79,45,113,3
248,178,263,288,247,80,55,133,3
257,161,204,297,275,82,56,133,3
260,169,233,367,309,84,55,140,3
253,166,212,354,292,80,58,138,3
217,137,202,355,288,81,60,129,3
197,127,221,356,278,79,48,106,3
218,149,223,340,252,82,52,134,3
202,135,285,325,229,89,55,124,3
201,141,292,331,233,78,52,122,3
204,152,315,323,246,78,50,122,3
188,143,294,313,259,77,51,119,3
137,116,299,303,260,69,47,84,3
121,111,223,253,279,69,44,76,3
128,108,251,266,272,71,45,90,3
131,97,246,306,280,73,44,91,3
150,112,270,316,259,77,46,96,3
206,143,329,386,291,88,47,125,3
212,145,325,377,258,84,47,133,3
246,156,297,365,255,80,45,135,3
275,166,277,352,262,83,51,150,3
263,155,277,384,279,83,48,145,3
223,126,190,314,245,74,49,122,3
246,145,204,318,228,68,47,123,3
226,143,224,364,239,69,50,110,3
217,154,222,362,230,64,53,109,3
226,161,204,314,199,66,60,121,3
239,167,208,317,191,63,60,128,3
257,168,224,333,197,66,61,137,3
249,160,233,322,249,70,59,143,3
250,152,242,325,247,68,57,141,3
252,152,237,320,279,66,50,134,3
267,175,259,333,288,70,49,129,3
241,179,320,421,365,97,55,116,3
240,180,310,429,362,103,57,109,3
235,184,313,485,434,122,63,100,3
229,177,317,482,430,126,64,98,3
209,176,337,513,448,125,70,104,3
198,163,287,474,389,103,63,100,3
243,189,296,449,359,95,61,114,3
252,196,315,394,272,70,52,123,3
322,239,350,446,284,76,59,172,3
327,237,331,434,289,83,56,174,3
323,236,337,400,283,84,58,175,3
284,211,319,397,287,84,57,167,3
277,199,287,396,307,84,59,157,3
186,151,250,358,304,75,53,106,3
158,122,228,340,299,72,47,89,3
156,110,176,337,334,81,45,88,3
151,113,191,391,390,91,55,93,3
151,113,188,365,376,92,59,96,3
153,98,175,337,359,86,56,90,3
150,119,247,356,337,89,60,95,3
159,125,244,355,304,80,61,93,3
164,131,239,292,226,70,53,84,3
137,122,255,372,282,69,49,84,3
142,128,247,370,278,68,47,82,3
157,112,180,333,272,53,41,86,3
196,131,194,325,263,52,44,95,3
212,162,251,340,269,53,48,104,3
228,174,243,260,180,43,49,113,3
223,176,268,299,199,50,51,111,3
240,178,269,292,198,58,53,123,3
244,187,265,290,229,60,52,128,3
241,160,259,279,230,54,48,123,3
223,140,247,264,231,54,42,110,3
297,176,229,217,211,56,49,126,3
291,181,233,217,217,57,50,117,3
257,156,239,223,188,56,49,102,3
244,156,218,228,203,59,48,98,3
296,203,263,240,221,73,58,120,3
242,181,262,240,222,70,56,110,3
236,179,284,239,221,64,58,109,3
234,186,301,261,269,64,58,108,3
238,187,300,249,244,63,59,119,3
198,151,265,247,225,45,56,109,3
174,143,265,283,259,53,51,102,3
197,144,238,281,266,65,49,121,3
239,150,199,237,235,66,49,129,3
233,144,147,242,295,70,46,118,3
224,143,206,284,332,87,41,112,3
220,133,206,281,366,96,47,118,3
211,138,208,303,360,92,47,123,3
179,120,221,312,352,92,47,125,3
186,125,246,298,323,91,47,127,3
181,113,195,252,288,76,46,124,3
223,139,242,253,240,62,45,127,3
202,124,236,330,309,76,47,95,3
200,129,223,323,320,78,52,103,3
209,128,206,387,352,88,59,112,3
209,134,220,414,375,92,68,133,3
178,113,164,403,360,89,65,128,3
177,114,166,343,322,79,62,130,3
166,113,176,373,336,80,59,113,3
177,110,212,336,295,71,53,127,3
178,96,212,304,263,66,41,107,3
179,99,219,322,288,74,48,105,3
171,88,215,364,348,77,48,103,3
175,88,244,361,336,75,51,111,3
148,88,244,361,332,77,50,85,3
137,94,233,363,336,76,50,88,3
125,90,223,351,307,68,41,83,3
131,102,234,323,268,64,37,83,3
134,105,217,315,279,63,32,75,3
154,111,216,308,310,63,43,92,3
152,111,222,334,331,77,44,85,3
147,112,239,331,335,76,44,95,3
192,148,242,330,280,73,45,108,3
192,150,233,315,276,78,50,112,3
175,145,202,295,235,74,42,94,3
215,164,201,268,215,58,41,113,3
222,168,190,254,207,58,50,112,3
178,132,173,217,234,55,49,97,3
180,125,185,196,204,46,45,90,3
188,131,178,198,196,49,44,91,3
247,140,177,205,197,52,55,109,3
263,146,203,239,217,57,52,115,3
283,155,215,261,235,68,54,128,3
287,159,217,293,250,68,60,132,3
310,170,216,308,276,65,62,134,3
230,140,217,324,275,66,50,102,3
227,141,216,319,278,70,52,97,3
222,139,226,329,243,61,49,87,3
298,185,244,335,278,77,53,142,3
295,186,252,327,280,78,53,153,3
297,187,259,341,291,83,56,154,3
307,198,274,351,297,88,58,172,3
335,211,259,336,305,93,62,191,3
266,168,223,310,260,80,53,160,3
246,156,265,364,255,80,54,155,3
250,156,276,359,235,74,52,159,3
280,143,237,332,209,62,59,169,3
255,140,260,337,234,58,57,159,3
272,159,267,333,252,68,61,162,3
277,164,229,258,228,66,57,161,3
291,183,221,263,254,75,59,168,3
259,188,236,265,260,80,46,147,3
242,178,234,281,349,99,49,132,3
223,163,224,296,352,102,43,121,3
203,152,222,312,357,102,44,113,3
208,137,203,279,338,96,45,112,3
197,132,185,272,336,96,42,98,3
192,121,155,230,219,74,41,97,3
192,113,186,241,213,65,39,95,3
197,118,185,238,233,69,38,94,3
174,106,181,226,232,71,36,80,3
153,84,192,224,234,64,37,81,3
145,79,218,268,223,64,36,80,3
131,82,204,258,215,60,38,79,3
134,84,210,268,200,58,41,85,3
140,83,217,278,196,50,41,86,3
147,84,201,300,200,56,42,85,3
143,85,172,271,221,65,42,83,3
157,90,175,257,228,68,41,85,3
170,94,162,246,230,67,45,96,3
168,99,180,297,267,80,47,90,3
168,104,198,290,257,74,48,89,3
169,111,216,338,275,65,45,91,3
153,105,209,392,291,66,47,87,3
139,100,237,403,286,68,44,72,3
128,95,238,385,297,68,44,76,3
129,111,247,421,338,78,56,90,3
132,107,228,441,380,80,57,87,3
152,115,232,405,359,83,56,97,3
166,119,207,384,358,80,53,96,3
167,127,214,391,336,72,50,91,3
159,112,202,367,305,60,37,76,3
162,106,197,273,210,55,40,82,3
145,101,223,277,219,49,42,88,3
157,107,216,288,217,50,45,95,3
155,97,200,264,207,42,44,97,3
153,93,186,248,195,47,41,95,3
162,115,219,280,210,53,43,93,3
173,127,204,278,208,56,42,88,3
155,131,212,302,226,56,46,95,3
165,136,210,310,213,59,49,103,3
164,134,247,334,231,64,51,104,3
182,134,224,325,246,66,50,112,3
169,137,272,330,245,61,50,105,3
174,121,282,324,239,57,47,102,3
167,117,274,309,246,58,47,99,3
163,133,287,290,259,60,52,98,3
133,123,295,305,255,64,55,90,3
143,113,242,299,257,64,54,98,3
126,114,230,285,260,69,51,86,3
139,116,232,300,258,66,52,87,3
185,115,184,302,279,70,52,108,3
204,126,185,311,326,69,47,111,3
220,140,207,319,332,78,52,117,3
219,148,225,311,323,75,52,116,3
209,153,283,309,326,80,50,117,3
179,144,285,286,284,73,48,116,3
175,142,297,265,219,72,53,124,3
153,127,302,255,192,61,46,113,3
164,127,291,273,178,64,48,116,3
162,121,274,280,178,65,45,107,3
151,115,266,285,179,60,38,87,3
132,111,246,263,177,52,32,69,3
146,132,273,257,215,58,34,85,3
138,123,279,244,222,54,34,85,3
144,124,263,307,324,65,37,91,3
155,129,266,310,338,70,36,91,3
172,131,265,362,350,76,41,106,3
158,103,210,363,345,75,39,95,3
183,114,194,366,348,76,42,96,3
180,113,173,319,269,65,41,90,3
178,118,202,319,240,60,46,94,3
167,120,209,275,211,56,44,77,3
199,141,213,263,179,53,47,83,3
190,141,216,276,170,52,44,96,3
194,146,264,345,191,49,44,98,3
190,140,254,375,214,53,44,95,3
203,135,258,381,227,52,46,96,3
193,120,254,391,255,58,43,100,3
212,116,269,400,285,63,47,88,3
223,118,215,321,248,62,46,90,3
357,189,210,287,270,74,50,146,3
363,194,192,309,291,84,47,148,3
402,217,222,315,267,81,58,168,3
446,253,199,313,261,82,63,192,3
465,262,199,312,268,84,65,202,3
411,251,233,312,246,76,65,179,3
405,251,238,294,236,69,66,182,3
383,239,211,286,236,67,56,161,3
323,204,219,258,212,59,46,135,3
314,193,223,279,212,58,45,140,3
265,145,205,286,206,51,37,125,3
250,130,196,265,178,42,33,118,3
203,109,199,259,178,39,34,114,3
205,111,198,262,172,45,43,116,3
160,100,200,242,164,43,48,94,3
156,98,183,216,148,42,46,91,3
177,105,219,243,175,41,46,92,3
176,102,228,238,173,46,46,92,3
141,84,249,231,192,44,36,75,3
135,82,264,216,213,51,29,77,3
153,91,261,210,216,54,30,79,3
125,84,228,173,192,52,29,70,3
139,89,218,185,192,51,31,74,3
156,96,222,211,182,50,34,79,3
154,97,221,222,177,46,35,80,3
175,96,225,261,182,44,42,106,3
190,103,234,296,193,47,43,117,3
208,111,246,278,203,49,49,127,3
221,117,219,273,223,51,49,131,3
229,114,199,273,207,51,48,129,3
205,112,192,252,208,54,45,114,3
203,119,209,226,207,54,46,106,3
178,116,195,241,197,48,37,86,3
158,102,186,234,196,56,36,85,3
145,101,189,246,195,58,35,80,3
133,100,187,249,194,59,34,70,3
119,89,161,248,191,61,33,68,3
122,105,185,259,201,62,36,78,3
109,107,197,262,172,55,35,66,3
138,121,193,239,176,54,43,80,3
136,129,228,257,188,52,43,80,3
139,134,234,261,187,49,41,85,3
185,131,306,294,266,61,49,103,3
195,141,316,281,265,60,55,110,3
187,144,353,324,287,61,53,108,3
197,140,341,307,287,63,51,110,3
203,135,340,318,302,68,52,109,3
171,125,260,291,240,62,46,87,3
181,130,263,357,255,60,39,85,3
185,118,217,375,269,67,37,87,3
195,113,211,384,271,62,39,91,3
212,119,209,377,261,64,42,109,3
210,119,227,398,280,63,45,120,3
191,109,225,339,281,69,47,115,3
183,108,223,309,245,61,46,110,3
180,132,237,311,230,64,52,111,3
158,125,237,309,217,54,52,104,3
176,140,224,283,198,57,52,107,3
190,146,217,323,235,65,57,114,3
187,147,241,308,240,70,57,114,3
177,129,220,292,240,71,53,114,3
173,134,240,310,273,76,52,106,3
140,119,268,302,268,69,48,88,3
125,108,265,283,239,66,41,79,3
138,111,253,278,228,61,40,99,3
130,106,249,265,220,57,36,90,3
123,100,249,256,178,51,35,86,3
142,102,213,243,173,53,35,97,3
174,120,200,220,163,41,37,112,3
163,120,203,229,182,42,39,97,3
155,118,202,240,193,43,40,96,3
156,113,175,210,196,50,48,95,3
140,113,217,246,194,56,55,88,3
106,91,226,249,190,57,52,68,3
96,85,244,256,211,57,51,61,3
119,88,250,265,210,59,50,59,3
146,100,254,276,201,60,45,73,3
157,99,216,263,208,59,43,80,3
147,94,211,250,207,58,48,82,3
151,90,172,240,182,56,45,83,3
150,98,187,237,179,54,47,87,3
138,91,184,238,215,58,46,78,3
125,81,179,204,218,57,40,72,3
150,124,237,245,221,54,36,69,3
154,130,235,240,212,64,37,70,3
155,129,255,243,217,66,36,69,3
156,130,281,244,192,57,33,79,3
171,139,295,269,176,53,32,84,3
155,107,262,265,190,51,31,84,3
188,108,276,276,210,44,30,91,3
202,104,246,268,205,44,36,108,3
191,103,230,256,199,39,38,102,3
191,93,218,248,227,47,43,103,3
221,107,204,219,204,51,45,110,3
198,101,210,308,254,58,48,106,3
169,99,214,329,278,63,47,85,3
198,125,219,339,283,71,48,89,3
190,126,214,330,267,68,44,85,3
151,113,210,332,290,74,41,75,3
169,127,177,227,250,75,44,87,3
186,136,218,256,261,81,51,105,3
161,120,203,236,262,79,49,100,3
161,116,212,233,253,78,51,106,3
161,113,206,256,246,74,53,104,3
133,92,211,263,230,65,47,92,3
124,96,196,218,193,49,41,86,3
126,91,191,243,185,45,43,87,3
126,93,179,253,202,44,41,79,3
125,98,208,291,208,50,40,88,3
124,105,226,302,202,55,45,91,3
126,104,227,311,196,56,40,85,3
119,99,236,292,200,56,38,81,3
126,98,249,289,188,57,37,80,3
138,93,237,238,147,51,38,81,3
136,85,212,237,167,54,38,82,3
126,63,174,203,181,57,42,77,3
122,77,185,210,199,57,42,75,3
149,118,249,259,220,66,48,85,3
138,117,245,241,218,64,47,82,3
155,136,298,250,199,58,42,75,3
160,140,306,278,209,55,38,72,3
170,141,291,276,191,55,40,82,3
150,114,231,233,175,46,32,77,3
167,121,245,235,175,46,32,75,3
223,140,200,205,179,47,38,120,3
234,146,209,190,144,46,39,126,3
229,136,211,181,163,47,38,121,3
221,131,209,169,150,46,38,121,3
214,123,203,184,148,44,36,124,3
144,86,198,218,147,43,31,85,3
119,71,173,233,160,47,33,77,3
122,78,171,235,152,49,34,79,3
123,81,183,240,155,48,36,74,3
124,91,169,254,163,53,37,65,3
118,79,149,235,178,54,36,62,3
135,86,198,234,241,70,40,67,3
146,87,196,235,242,72,45,81,3
148,92,187,228,235,73,44,80,3
147,94,198,221,234,68,43,84,3
150,104,209,233,257,76,45,85,3
172,106,206,269,204,63,43,104,3
165,102,211,298,223,58,36,97,3
170,99,214,309,230,61,40,108,3
166,91,208,290,240,64,41,106,3
163,83,217,276,204,54,40,103,3
132,75,200,226,194,55,38,84,3
124,80,224,231,189,56,38,77,3
111,76,224,223,187,54,35,62,3
121,82,233,230,175,51,34,59,3
122,82,222,227,180,50,36,63,3
105,79,207,249,210,46,34,52,3
122,85,184,206,181,45,35,58,3
128,86,186,210,194,44,35,63,3
131,89,202,256,218,45,39,63,3
143,98,212,277,211,45,39,68,3
150,100,210,238,175,45,38,73,3
135,91,201,236,174,43,38,70,3
142,97,198,251,187,48,37,73,3
132,86,163,194,154,52,34,82,3
128,96,168,184,160,53,40,86,3
148,107,193,208,163,51,41,100,3
149,123,221,217,155,49,41,106,3
136,115,210,181,109,48,41,105,3
148,123,209,203,112,46,41,102,3
136,106,203,216,125,49,38,97,3
114,92,180,234,202,51,38,82,3
110,70,146,242,245,56,40,78,3
135,84,164,258,253,53,40,78,3
171,113,202,269,256,49,40,92,3
189,119,195,249,251,48,37,95,3
190,121,191,233,214,50,36,97,3
191,124,214,246,174,48,36,99,3
180,117,225,289,217,48,39,97,3
163,103,197,271,229,55,43,95,3
152,98,189,291,244,54,45,93,3
145,96,213,302,228,49,44,89,3
158,108,195,300,225,47,42,86,3
152,111,181,251,191,47,37,81,3
137,101,195,270,180,41,35,74,3
127,103,241,269,150,42,34,70,3
136,106,234,269,169,43,34,73,3
131,99,236,254,168,40,31,71,3
151,104,230,269,183,38,33,83,3
147,98,222,242,185,47,29,80,3
151,98,214,260,192,46,31,77,3
150,101,205,247,189,46,32,78,3
144,99,208,259,210,48,38,85,3
149,101,212,244,184,49,37,78,3
147,122,314,299,177,39,39,84,3
144,125,289,256,166,39,36,84,3
147,121,287,262,222,42,36,86,3
144,118,281,257,209,43,31,78,3
110,112,294,310,278,51,37,73,3
112,100,176,251,284,54,36,59,3
136,102,191,281,291,56,39,65,3
168,122,202,287,280,58,38,70,3
166,122,211,287,295,60,39,73,3
170,122,200,242,237,57,37,78,3
195,129,217,296,241,56,42,96,3
180,124,216,278,248,64,46,91,3
172,106,214,291,240,69,49,86,3
189,113,214,315,269,75,54,93,3
